Order_ID,Customer_ID,Order_Date,Contact_Name,Filename
1071,ERNSH,2017-12-10,Roland Mendel,invoice_10771.pdf
1097,FOLKO,2018-03-26,haria Larsson,invoice_10977.pdf
10204,RATTC,2016-08-30,Paula witson,invoice_10294.pdf
10248,VINET,2016-07-04,pau Henot,invoice_10248.pdf
10249,TOMSP,2016-07-05,Karin Josephs,invoice_10249.pdf
10250,HANAR,2016-07-08,Mare Pontes,invoice_10250.pdf
10251,VICTE,2016-07-08,Mary Saveley,invoice_10251.pdf
10252,SUPRD,2016-07-09,Pascale Cartain,invoice_10252.pdf
10253,HANAR,2016-07-10,Mare Pontes,invoice_10253.pdf
10254,CHOPS,2016-07-11,Yang Wang,invoice_10254.pdf
10255,RICSU,2016-07-12,hichae! Hote,invoice_10255.pdf
10256,WELL,2016-07-15,paula Parente,invoice_10256.pdf
10257,HILAA,2016-07-16,[carlos Hemandez,invoice_10257.pdf
10258,ERNSH,2016-07-17,Roland Mendel,invoice_10258.pdf
10259,CENTC,2016-07-18,Francisco Chang,invoice_10259.pdf
10260,OTTIK,2016-07-19, ensiette Patz,invoice_10260.pdf
10261,QUEDE,2016-07-19,eerardo Batista,invoice_10261.pdf
10262,RATTC,2016-07-22,Paula witson,invoice_10262.pdf
10263,ERNSH,2016-07-23,Roland Mendel,invoice_10263.pdf
10264,FOLKO,2016-07-24,haria Larsson,invoice_10264.pdf
10265,BLONP,2016-07-25,Frecerique Cteaux,invoice_10265.pdf
10267,FRANK,2016-07-29,peter Franken,invoice_10267.pdf
10268,GROSR,2016-07-30,hare! Pereira,invoice_10268.pdf
10268,WARTH,2016-07-26,Pirkko Koskitalo,invoice_10266.pdf
10269,WHITC,2016-07-31,art Jablonski,invoice_10269.pdf
10270,WARTH,2016-08-01,Pirkko Koskitalo,invoice_10270.pdf
10271,SPLIR,2016-08-01,art Braunschweiger,invoice_10271.pdf
10272,RATTC,2016-08-02,Paula witson,invoice_10272.pdf
10273,QUICK,2016-08-05,Horst Kloss,invoice_10273.pdf
10274,VINET,2016-08-06,pau Henot,invoice_10274.pdf
10275,MAGAA,2016-08-07,Giovanni Roveth,invoice_10275.pdf
10276,TORTU,2016-08-08,Miguel angel Pactina,invoice_10276.pdf
10277,MORGK,2016-08-09,alexander Fever,invoice_10277.pdf
10278,BERGS,2016-08-12,cristina Berglund,invoice_10278.pdf
10279,LEHMS,2016-08-13,tenate Messner,invoice_10279.pdf
10280,BERGS,2016-08-14,cristina Berglund,invoice_10280.pdf
10281,ROMEY,2016-08-14,Alejandra Camino,invoice_10281.pdf
10282,ROMEY,2016-08-15,Alejandra Camino,invoice_10282.pdf
10283,LILAS,2016-08-16,carlos Gonzalez,invoice_10283.pdf
10284,LEHMS,2016-08-19,tenate Messner,invoice_10284.pdf
10285,QUICK,2016-08-20,Horst Kloss,invoice_10285.pdf
10286,QUICK,2016-08-21,Horst Kloss,invoice_10286.pdf
10287,RICAR,2016-08-22,tanete Limeia,invoice_10287.pdf
10288,REGGC,2016-08-23,htaurizio Moroni,invoice_10288.pdf
10289,BSBEV,2016-08-26,victoria Ashworth,invoice_10289.pdf
10290,COMM,2016-08-27,Pedro Afonso,invoice_10290.pdf
10291,QUEDE,2016-08-27,eerardo Batista,invoice_10291.pdf
10292,TRADH,2016-08-28,Anabela Domingues,invoice_10292.pdf
10293,TORTU,2016-08-29,Miguel angel Pactina,invoice_10293.pdf
10295,VINET,2016-09-02,pau Henot,invoice_10295.pdf
10296,LILAS,2016-09-03,carlos Gonzalez,invoice_10296.pdf
10297,BLONP,2016-09-04,Frécérique Ctoaux,invoice_10297.pdf
10298,HUNGO,2016-09-05,pavicia Mckenna,invoice_10298.pdf
10299,RICAR,2016-09-06,tanete Limeia,invoice_10299.pdf
10300,MAGAA,2016-09-09,Giovanni Roveth,invoice_10300.pdf
10301,WANDK,2016-09-09,Feta Mater,invoice_10301.pdf
10302,SUPRD,2016-09-10,Pascale Cartain,invoice_10302.pdf
10303,GODOS,2016-09-11,lose Pedro Freyre,invoice_10303.pdf
10304,TORTU,2016-09-12,Miguel angel Pactina,invoice_10304.pdf
10305,OLDWO,2016-09-13,lene Philips,invoice_10305.pdf
10307,LONEP,2016-09-17,Fran witson,invoice_10307.pdf
10308,ROMEY,2016-09-16,Alejandra Camino,invoice_10306.pdf
10308,ANATR,2016-09-18,ana Tryjllo,invoice_10308.pdf
10309,HUNGO,2016-09-19,pavicia Mckenna,invoice_10309.pdf
10310,THEBI,2016-09-20,Lie Nixon,invoice_10310.pdf
10311,DUMON,2016-09-20,arine Labrune,invoice_10311.pdf
10312,WANDK,2016-09-23,Feta Mater,invoice_10312.pdf
10313,QUICK,2016-09-24,Horst Kloss,invoice_10313.pdf
10314,RATTC,2016-09-25,Paula witson,invoice_10314.pdf
10315,ISLAT,2016-09-26,Helen Bennett,invoice_10315.pdf
10316,RATTC,2016-09-27,Paula witson,invoice_10316.pdf
10317,LONEP,2016-09-30,Fran witson,invoice_10317.pdf
10318,ISLAT,2016-10-01,Helen Bennett,invoice_10318.pdf
10319,TORTU,2016-10-02,Miguel angel Pactina,invoice_10319.pdf
10320,WARTH,2016-10-03,Pirkko Koskitalo,invoice_10320.pdf
10321,ISLAT,2016-10-03,Helen Bennett,invoice_10321.pdf
10322,PERIC,2016-10-04,uitermo Fernandez,invoice_10322.pdf
10323,KOENE,2016-10-07,Phiip Cramer,invoice_10323.pdf
10324,SAVEA,2016-10-08,Jose Pavarott,invoice_10324.pdf
10325,KOENE,2016-10-09,Phiip Cramer,invoice_10325.pdf
10326,BOLID,2016-10-10,arin Sommer,invoice_10326.pdf
10327,FOLKO,2016-10-11,haria Larsson,invoice_10327.pdf
10328,FURIB,2016-10-14,Lino Redtigue:,invoice_10328.pdf
10329,SPLIR,2016-10-15,art Braunschweiger,invoice_10329.pdf
10330,LILAS,2016-10-16,carlos Gonzalez,invoice_10330.pdf
10331,BONAP,2016-10-16,Laurence Lebinan,invoice_10331.pdf
10332,MEREP,2016-10-17,Jean Fresniére,invoice_10332.pdf
10333,WARTH,2016-10-18,Pirkko Koskitalo,invoice_10333.pdf
10334,VICTE,2016-10-21,Mary Saveley,invoice_10334.pdf
10335,HUNGO,2016-10-22,pavicia Mckenna,invoice_10335.pdf
10336,PRINI,2016-10-23,isabel de Castro,invoice_10336.pdf
10337,FRANK,2016-10-24,peter Franken,invoice_10337.pdf
10338,OLDWO,2016-10-25,lene Philips,invoice_10338.pdf
10339,MEREP,2016-10-28,Jean Fresniére,invoice_10339.pdf
10340,BONAP,2016-10-29,Laurence Lebinan,invoice_10340.pdf
10341,SIMOB,2016-10-29,ste Petersen,invoice_10341.pdf
10342,FRANK,2016-10-30,peter Franken,invoice_10342.pdf
10343,LEHMS,2016-10-31,tenate Messner,invoice_10343.pdf
10344,WHITC,2016-11-01,art Jablonski,invoice_10344.pdf
10345,QUICK,2016-11-04,Horst Kloss,invoice_10345.pdf
10346,RATTC,2016-11-05,Paula witson,invoice_10346.pdf
10347,FAMIA,2016-11-06,asia Cruz,invoice_10347.pdf
10348,WANDK,2016-11-07,Feta Mater,invoice_10348.pdf
10349,SPLIR,2016-11-08,art Braunschweiger,invoice_10349.pdf
10350,LAMAI,2016-11-11,annette Roulet,invoice_10350.pdf
10351,ERNSH,2016-11-11,Roland Mendel,invoice_10351.pdf
10352,FURIB,2016-11-12,Lino Redtigue:,invoice_10352.pdf
10353,PICCO,2016-11-13,[Georg Pips,invoice_10353.pdf
10354,PERIC,2016-11-14,uitermo Fernandez,invoice_10354.pdf
10355,AROUT,2016-11-15,Thomas Hardy,invoice_10355.pdf
10356,WANDK,2016-11-18,Feta Mater,invoice_10356.pdf
10357,LILAS,2016-11-19,carlos Gonzalez,invoice_10357.pdf
10358,LAMAI,2016-11-20,annette Roulet,invoice_10358.pdf
10359,SEVES,2016-11-21,ar Kumar,invoice_10359.pdf
10360,BLONP,2016-11-22,Frécérique Ctoaux,invoice_10360.pdf
10361,QUICK,2016-11-22,Horst Kloss,invoice_10361.pdf
10362,BONAP,2016-11-25,Laurence Lebinan,invoice_10362.pdf
10363,DRACD,2016-11-26,sven Otte’,invoice_10363.pdf
10364,EASTC,2016-11-26,[ann Devon,invoice_10364.pdf
10365,ANTON,2016-11-27,antonio Moreno,invoice_10365.pdf
10367,VAFFE,2016-11-28,pate tosen,invoice_10367.pdf
10368,GALED,2016-11-28,Eduardo Saavedra,invoice_10366.pdf
10368,ERNSH,2016-11-29,Roland Mendel,invoice_10368.pdf
10369,SPLIR,2016-12-02,art Braunschweiger,invoice_10369.pdf
10370,CHOPS,2016-12-03,Yang Wang,invoice_10370.pdf
10371,LAMAI,2016-12-03,annette Roulet,invoice_10371.pdf
10372,QUEEN,2016-12-04,cia Carvao,invoice_10372.pdf
10373,HUNGO,2016-12-05,pavicia Mckenna,invoice_10373.pdf
10374,WOLZA,2016-12-05, zoyszek Piestrzeniewicz,invoice_10374.pdf
10375,HUNGC,2016-12-06,yoshi Latimer,invoice_10375.pdf
10376,MEREP,2016-12-09,Jean Fresniére,invoice_10376.pdf
10377,SEVES,2016-12-09,ar Kumar,invoice_10377.pdf
10378,FOLKO,2016-12-10,haria Larsson,invoice_10378.pdf
10379,QUEDE,2016-12-11,eerardo Batista,invoice_10379.pdf
10380,HUNGO,2016-12-12,pavicia Mckenna,invoice_10380.pdf
10381,LILAS,2016-12-12,[carlos Gonzalez,invoice_10381.pdf
10382,ERNSH,2016-12-13,Roland Mendel,invoice_10382.pdf
10383,AROUT,2016-12-16,Thomas Hardy,invoice_10383.pdf
10384,BERGS,2016-12-16,cristina Berglund,invoice_10384.pdf
10385,SPLIR,2016-12-17,art Braunschweiger,invoice_10385.pdf
10386,FAMIA,2016-12-18,asia Cruz,invoice_10386.pdf
10387,SANTG,2016-12-18,Jonas Berguitsen,invoice_10387.pdf
10388,SEVES,2016-12-19,ar Kumar,invoice_10388.pdf
10389,BOTTM,2016-12-20,tzabeth Lincoln,invoice_10389.pdf
10390,ERNSH,2016-12-23,Roland Mendel,invoice_10390.pdf
10391,DRACD,2016-12-23,sven Otte’,invoice_10391.pdf
10392,PICCO,2016-12-24,[Georg Pips,invoice_10392.pdf
10393,SAVEA,2016-12-25,Jose Pavarott,invoice_10393.pdf
10394,HUNGC,2016-12-25,yoshi Latimer,invoice_10394.pdf
10395,HILAA,2016-12-26,[carlos Hemandez,invoice_10395.pdf
10396,FRANK,2016-12-27,peter Franken,invoice_10396.pdf
10397,PRINI,2016-12-27,isabel de Castro,invoice_10397.pdf
10398,SAVEA,2016-12-30,Jose Pavarott,invoice_10398.pdf
10399,VAFFE,2016-12-31,pate tosen,invoice_10399.pdf
10400,EASTC,2017-01-01,[ann Devon,invoice_10400.pdf
10401,RATTC,2017-01-01,Paula witson,invoice_10401.pdf
10402,ERNSH,2017-01-02,Roland Mendel,invoice_10402.pdf
10403,ERNSH,2017-01-03,Roland Mendel,invoice_10403.pdf
10404,MAGAA,2017-01-03,Giovanni Roveth,invoice_10404.pdf
10405,LINOD,2017-01-06,Felipe zquierdo,invoice_10405.pdf
10407,OTTIK,2017-01-07, ensiette Patz,invoice_10407.pdf
10408,FOLIG,2017-01-08,Marine Rares,invoice_10408.pdf
10408,QUEEN,2017-01-07,cia Carvao,invoice_10406.pdf
10409,OCEAN,2017-01-09,Yvonne Moncada,invoice_10409.pdf
10410,BOTTM,2017-01-10,tzabeth Lincoln,invoice_10410.pdf
10411,BOTTM,2017-01-10,tzabeth Lincoln,invoice_10411.pdf
10412,WARTH,2017-01-13,Pirkko Koskitalo,invoice_10412.pdf
10413,LAMAI,2017-01-14,annette Roulet,invoice_10413.pdf
10414,FAMIA,2017-01-14,asia Cruz,invoice_10414.pdf
10415,HUNGC,2017-01-15,yoshi Latimer,invoice_10415.pdf
10416,WARTH,2017-01-16,Pirkko Koskitalo,invoice_10416.pdf
10417,SIMOB,2017-01-16,ste Petersen,invoice_10417.pdf
10418,QUICK,2017-01-17,Horst Kloss,invoice_10418.pdf
10419,RICSU,2017-01-20,hichae! Hote,invoice_10419.pdf
10420,WELL,2017-01-21,paula Parente,invoice_10420.pdf
10421,QUEDE,2017-01-21,eerardo Batista,invoice_10421.pdf
10422,FRANS,2017-01-22,Padle Accort,invoice_10422.pdf
10423,GOURL,2017-01-23,andre Fonseca,invoice_10423.pdf
10424,MEREP,2017-01-23,Jean Fresniére,invoice_10424.pdf
10425,LAMAI,2017-01-24,annette Roulet,invoice_10425.pdf
10426,GALED,2017-01-27,Eduardo Saavedra,invoice_10426.pdf
10427,PICCO,2017-01-27,[Georg Pips,invoice_10427.pdf
10428,REGGC,2017-01-28,htaurizio Moroni,invoice_10428.pdf
10429,HUNGO,2017-01-29,pavicia Mckenna,invoice_10429.pdf
10430,ERNSH,2017-01-30,Roland Mendel,invoice_10430.pdf
10431,BOTTM,2017-01-30,tzabeth Lincoln,invoice_10431.pdf
10432,SPLIR,,art Braunschweiger,invoice_10432.pdf
10433,PRINI,2017-02-03,isabel de Castro,invoice_10433.pdf
10434,FOLKO,2017-02-03,haria Larsson,invoice_10434.pdf
10435,CONSH,2017-02-04,tzabeth Brown,invoice_10435.pdf
10436,BLONP,2017-02-05,Frécérique Ctoaux,invoice_10436.pdf
10437,WARTH,2017-02-05,Pirkko Koskitalo,invoice_10437.pdf
10438,TOMSP,2017-02-06,Karin Josephs,invoice_10438.pdf
10439,MEREP,2017-02-07,Jean Fresniére,invoice_10439.pdf
10440,SAVEA,2017-02-10,Jose Pavarott,invoice_10440.pdf
10441,OLDWO,2017-02-10,lene Philips,invoice_10441.pdf
10442,ERNSH,2017-02-11,Roland Mendel,invoice_10442.pdf
10443,REGGC,2017-02-12,htaurizio Moroni,invoice_10443.pdf
10444,BERGS,2017-02-12,cristina Berglund,invoice_10444.pdf
10445,BERGS,2017-02-13,cristina Berglund,invoice_10445.pdf
10446,TOMSP,2017-02-14,Karin Josephs,invoice_10446.pdf
10447,RICAR,2017-02-14,tanete Limeia,invoice_10447.pdf
10448,RANCH,2017-02-17,Sergio Gutérez,invoice_10448.pdf
10449,BLONP,2017-02-18,Frecerique Cteaux,invoice_10449.pdf
10450,VICTE,2017-02-19,Mary Saveley,invoice_10450.pdf
10451,QUICK,2017-02-19,Horst Kloss,invoice_10451.pdf
10452,SAVEA,2017-02-20,Jose Pavarott,invoice_10452.pdf
10453,AROUT,2017-02-21,Thomas Hardy,invoice_10453.pdf
10454,LAMAI,2017-02-21,annette Roulet,invoice_10454.pdf
10455,WARTH,2017-02-24,Pirkko Koskitalo,invoice_10455.pdf
10456,KOENE,2017-02-25,Phiip Cramer,invoice_10456.pdf
10457,KOENE,2017-02-25,Phiip Cramer,invoice_10457.pdf
10458,SUPRD,2017-02-26,Pascale Cartain,invoice_10458.pdf
10459,VICTE,2017-02-27,Mary Saveley,invoice_10459.pdf
10460,FOLKO,2017-02-28,haria Larsson,invoice_10460.pdf
10461,LILAS,2017-02-28,carlos Gonzalez,invoice_10461.pdf
10462,CONSH,2017-03-03,tzabeth Brown,invoice_10462.pdf
10463,SUPRD,2017-03-04,Pascale Cartain,invoice_10463.pdf
10464,FURIB,2017-03-04,Lino Redtigue:,invoice_10464.pdf
10465,VAFFE,2017-03-05,pate tosen,invoice_10465.pdf
10467,MAGAA,2017-03-06,Giovanni Roveth,invoice_10467.pdf
10468,COMM,2017-03-06,Pedro Afonso,invoice_10466.pdf
10468,KOENE,2017-03-07,Phiip Cramer,invoice_10468.pdf
10469,WHITC,2017-03-10,art Jablonski,invoice_10469.pdf
10470,BONAP,2017-03-11,Laurence Lebinan,invoice_10470.pdf
10471,BSBEV,2017-03-11,victoria Ashworth,invoice_10471.pdf
10472,SEVES,2017-03-12,ar Kumar,invoice_10472.pdf
10473,ISLAT,2017-03-13,Helen Bennett,invoice_10473.pdf
10474,PERIC,2017-03-13,uitermo Fernandez,invoice_10474.pdf
10475,SUPRD,2017-03-14,Pascale Cartain,invoice_10475.pdf
10476,HILAA,2017-03-17,[carlos Hemandez,invoice_10476.pdf
10477,PRINI,2017-03-17,isabel de Castro,invoice_10477.pdf
10478,VICTE,2017-03-18,Mary Saveley,invoice_10478.pdf
10479,RATTC,2017-03-19,Paula witson,invoice_10479.pdf
10480,FOLIG,2017-03-20,Marine Rares,invoice_10480.pdf
10481,RICAR,2017-03-20,tanete Limeia,invoice_10481.pdf
10482,LAZYK,2017-03-21,Jonn Steot,invoice_10482.pdf
10483,WHITC,2017-03-24,art Jablonski,invoice_10483.pdf
10484,BSBEV,2017-03-24,victoria Ashworth,invoice_10484.pdf
10485,LINOD,2017-03-25,Felipe zquierdo,invoice_10485.pdf
10486,HILAA,2017-03-26,[carlos Hemandez,invoice_10486.pdf
10487,QUEEN,2017-03-26,cia Carvao,invoice_10487.pdf
10488,FRANK,2017-03-27,peter Franken,invoice_10488.pdf
10489,PICCO,2017-03-28,[Georg Pips,invoice_10489.pdf
10490,HILAA,2017-03-31,[carlos Hemandez,invoice_10490.pdf
10491,FURIB,2017-03-31,Lino Redtigue:,invoice_10491.pdf
10492,BOTTM,2017-04-01,tzabeth Lincoln,invoice_10492.pdf
10493,LAMAI,2017-04-02,annette Roulet,invoice_10493.pdf
10494,COMM,2017-04-02,Pedro Afonso,invoice_10494.pdf
10495,LAUGB,2017-04-03,Yoshi Tannamuri,invoice_10495.pdf
10496,TRADH,2017-04-04,Anabela Domingues,invoice_10496.pdf
10497,LEHMS,2017-04-04,tenate Messner,invoice_10497.pdf
10498,HILAA,2017-04-07,[carlos Hemandez,invoice_10498.pdf
10499,LILAS,2017-04-08,carlos Gonzalez,invoice_10499.pdf
10500,LAMAI,2017-04-09,annette Roulet,invoice_10500.pdf
10501,BLAUS,2017-04-09,Hanna Moos,invoice_10501.pdf
10502,PERIC,2017-04-10,uitermo Fernandez,invoice_10502.pdf
10503,HUNGO,2017-04-11,pavicia Mckenna,invoice_10503.pdf
10504,WHITC,2017-04-11,art Jablonski,invoice_10504.pdf
10505,MEREP,2017-04-14,Jean Fresniére,invoice_10505.pdf
10507,ANTON,2017-04-15,antonio Moreno,invoice_10507.pdf
10508,KOENE,2017-04-15,Phiip Cramer,invoice_10506.pdf
10508,OTTIK,2017-04-16, ensiette Patz,invoice_10508.pdf
10509,BLAUS,2017-04-17,Hanna Moos,invoice_10509.pdf
10510,SAVEA,2017-04-18,Jose Pavarott,invoice_10510.pdf
10511,BONAP,2017-04-18,Laurence Lebinan,invoice_10511.pdf
10512,FAMIA,2017-04-21,asia Cruz,invoice_10512.pdf
10513,WANDK,2017-04-22,Feta Mater,invoice_10513.pdf
10514,ERNSH,2017-04-22,Roland Mendel,invoice_10514.pdf
10515,QUICK,2017-04-23,Horst Kloss,invoice_10515.pdf
10516,HUNGO,2017-04-24,pavicia Mckenna,invoice_10516.pdf
10517,NORTS,2017-04-24,simon Crowther,invoice_10517.pdf
10518,TORTU,2017-04-25,Miguel angel Pactina,invoice_10518.pdf
10519,CHOPS,2017-04-28,Yang Wang,invoice_10519.pdf
10520,SANTG,2017-04-29,Jonas Berguitsen,invoice_10520.pdf
10521,CACTU,2017-04-29,Pavicio Simpson,invoice_10521.pdf
10522,LEHMS,2017-04-30,tenate Messner,invoice_10522.pdf
10523,SEVES,2017-05-01,ar Kumar,invoice_10523.pdf
10524,BERGS,2017-05-01,cristina Berglund,invoice_10524.pdf
10525,BONAP,2017-05-02,Laurence Lebinan,invoice_10525.pdf
10526,WARTH,2017-05-05,Pirkko Koskitalo,invoice_10526.pdf
10527,QUICK,2017-05-05,Horst Kloss,invoice_10527.pdf
10528,GREAL,2017-05-06,oward Snyder,invoice_10528.pdf
10529,MAISD,2017-05-07,catherine Dewey,invoice_10529.pdf
10530,PICCO,2017-05-08,[Georg Pips,invoice_10530.pdf
10531,OCEAN,2017-05-08,Yvonne Moncada,invoice_10531.pdf
10532,EASTC,2017-05-09,[ann Devon,invoice_10532.pdf
10533,FOLKO,2017-05-12,haria Larsson,invoice_10533.pdf
10534,LEHMS,2017-05-12,tenate Messner,invoice_10534.pdf
10535,ANTON,2017-05-13,antonio Moreno,invoice_10535.pdf
10536,LEHMS,2017-05-14,tenate Messner,invoice_10536.pdf
10537,RICSU,2017-05-14,hichae! Hote,invoice_10537.pdf
10538,BSBEV,2017-05-15,victoria Ashworth,invoice_10538.pdf
10539,BSBEV,2017-05-16,victoria Ashworth,invoice_10539.pdf
10540,QUICK,2017-05-19,Horst Kloss,invoice_10540.pdf
10541,HANAR,2017-05-19,Mare Pontes,invoice_10541.pdf
10542,KOENE,2017-05-20,Phiip Cramer,invoice_10542.pdf
10543,LILAS,2017-05-21,carlos Gonzalez,invoice_10543.pdf
10544,LONEP,2017-05-21,Fran witson,invoice_10544.pdf
10545,LAZYK,2017-05-22,Jonn Steot,invoice_10545.pdf
10546,VICTE,2017-05-23,Mary Saveley,invoice_10546.pdf
10547,SEVES,2017-05-23,ar Kumar,invoice_10547.pdf
10548,TOMSP,2017-05-26,Karin Josephs,invoice_10548.pdf
10549,QUICK,2017-05-27,Horst Kloss,invoice_10549.pdf
10550,GODOS,2017-05-28,lose Pedro Freyre,invoice_10550.pdf
10551,FURIB,2017-05-28,Lino Redtigue:,invoice_10551.pdf
10552,HILAA,2017-05-29,[carlos Hemandez,invoice_10552.pdf
10553,WARTH,2017-05-30,Pirkko Koskitalo,invoice_10553.pdf
10554,OTTIK,2017-05-30, ensiette Patz,invoice_10554.pdf
10555,SAVEA,2017-06-02,Jose Pavarott,invoice_10555.pdf
10556,SIMOB,2017-06-03,ste Petersen,invoice_10556.pdf
10557,LEHMS,2017-06-03,tenate Messner,invoice_10557.pdf
10558,AROUT,2017-06-04,Thomas Hardy,invoice_10558.pdf
10559,BLONP,2017-06-05,Frécérique Ctoaux,invoice_10559.pdf
10560,FRANK,2017-06-06,peter Franken,invoice_10560.pdf
10561,FOLKO,2017-06-06,haria Larsson,invoice_10561.pdf
10562,REGGC,2017-06-09,htaurizio Moroni,invoice_10562.pdf
10563,RICAR,2017-08-10,tanete Limeia,invoice_10563.pdf
10564,RATTC,2017-08-10,Paula witson,invoice_10564.pdf
10565,MEREP,2017-06-11,Jean Fresniére,invoice_10565.pdf
10566,BLONP,2017-06-12,Frecerique Cteaux,invoice_10566.pdf
10567,HUNGO,2017-06-12,pavicia Mckenna,invoice_10567.pdf
10568,GALED,2017-06-13,Eduardo Saavedra,invoice_10568.pdf
10569,RATTC,2017-08-16,Paula witson,invoice_10569.pdf
10570,MEREP,2017-06-17,Jean Fresniére,invoice_10570.pdf
10571,ERNSH,2017-06-17,Roland Mendel,invoice_10571.pdf
10572,BERGS,2017-06-18,cristina Berglund,invoice_10572.pdf
10573,ANTON,2017-08-19,antonio Moreno,invoice_10573.pdf
10574,TRAIH,2017-08-19,HeWvetus Nagy,invoice_10574.pdf
10575,MORGK,2017-06-20,alexander Fever,invoice_10575.pdf
10576,TORTU,2017-06-23,Miguel angel Pactina,invoice_10576.pdf
10577,TRAIH,2017-06-23,HeWvetus Nagy,invoice_10577.pdf
10578,BSBEV,2017-06-24,victoria Ashworth,invoice_10578.pdf
10579,LETSS,2017-06-25,Jaime Yortes,invoice_10579.pdf
10580,OTTIK,2017-06-26, ensiette Patz,invoice_10580.pdf
10581,FAMIA,2017-06-26,asia Cruz,invoice_10581.pdf
10582,BLAUS,2017-06-27,Hanna Moos,invoice_10582.pdf
10583,WARTH,2017-06-30,Pirkko Koskitalo,invoice_10583.pdf
10584,BLONP,2017-06-30,Frécérique Ctoaux,invoice_10584.pdf
10585,WELL,2017-07-01,paula Parente,invoice_10585.pdf
10586,REGGC,2017-07-02,htaurizio Moroni,invoice_10586.pdf
10587,QUEDE,2017-07-02,eerardo Batista,invoice_10587.pdf
10588,QUICK,2017-07-03,Horst Kloss,invoice_10588.pdf
10589,GREAL,2017-07-04,oward Snyder,invoice_10589.pdf
10590,MEREP,2017-07-07,Jean Fresniére,invoice_10590.pdf
10591,VAFFE,2017-07-07,pate tosen,invoice_10591.pdf
10592,LEHMS,2017-07-08,tenate Messner,invoice_10592.pdf
10593,LEHMS,2017-07-09,tenate Messner,invoice_10593.pdf
10594,OLDWO,2017-07-09,lene Philips,invoice_10594.pdf
10595,ERNSH,2017-07-10,Roland Mendel,invoice_10595.pdf
10596,WHITC,2017-07-11,art Jablonski,invoice_10596.pdf
10597,PICCO,2017-07-11,[Georg Pips,invoice_10597.pdf
10598,RATTC,2017-07-14,Paula witson,invoice_10598.pdf
10599,BSBEV,2017-07-15,victoria Ashworth,invoice_10599.pdf
10600,HUNGC,2017-07-16,yoshi Latimer,invoice_10600.pdf
10601,HILAA,2017-07-16,[carlos Hemandez,invoice_10601.pdf
10602,VAFFE,2017-07-17,pate tosen,invoice_10602.pdf
10603,SAVEA,2017-07-18,Jose Pavarott,invoice_10603.pdf
10604,FURIB,2017-07-18,Lino Redtigue:,invoice_10604.pdf
10605,MEREP,2017-07-21,Jean Fresniére,invoice_10605.pdf
10607,SAVEA,2017-07-22,Jose Pavarott,invoice_10607.pdf
10608,TRADH,2017-07-22,Anabela Domingues,invoice_10606.pdf
10608,TOMSP,2017-07-23,Karin Josephs,invoice_10608.pdf
10609,DUMON,2017-07-24,arine Labrune,invoice_10609.pdf
10610,LAMAI,2017-07-25,annette Roulet,invoice_10610.pdf
10611,WOLZA,2017-07-25, zoyszek Piestrzeniewicz,invoice_10611.pdf
10612,SAVEA,2017-07-28,Jose Pavarott,invoice_10612.pdf
10613,HILAA,2017-07-29,[carlos Hemandez,invoice_10613.pdf
10614,BLAUS,2017-07-29,Hanna Moos,invoice_10614.pdf
10615,WILMK,2017-07-30,hat Kartunen,invoice_10615.pdf
10616,GREAL,2017-07-31,oward Snyder,invoice_10616.pdf
10617,GREAL,2017-07-31,oward Snyder,invoice_10617.pdf
10618,MEREP,2017-08-01,Jean Fresniére,invoice_10618.pdf
10619,MEREP,2017-08-04,Jean Fresniére,invoice_10619.pdf
10620,LAUGB,2017-08-05,Yoshi Tannamuri,invoice_10620.pdf
10621,ISLAT,2017-08-05,Helen Bennett,invoice_10621.pdf
10622,RICAR,2017-08-06,tanete Limeia,invoice_10622.pdf
10623,FRANK,2017-08-07,peter Franken,invoice_10623.pdf
10624,THECR,2017-08-07,Liu wong,invoice_10624.pdf
10625,ANATR,2017-08-08,ana Tryjllo,invoice_10625.pdf
10626,BERGS,2017-08-11,cristina Berglund,invoice_10626.pdf
10627,SAVEA,2017-08-11,Jose Pavarott,invoice_10627.pdf
10628,BLONP,2017-08-12,Frecerique Cteaux,invoice_10628.pdf
10629,GODOS,2017-08-12,lose Pedro Freyre,invoice_10629.pdf
10630,KOENE,2017-08-13,Phiip Cramer,invoice_10630.pdf
10631,LAMAI,2017-08-14,annette Roulet,invoice_10631.pdf
10632,WANDK,2017-08-14,Feta Mater,invoice_10632.pdf
10633,ERNSH,2017-08-15,Roland Mendel,invoice_10633.pdf
10634,FOLIG,2017-08-15,Marine Rares,invoice_10634.pdf
10635,MAGAA,2017-08-18,Giovanni Roveth,invoice_10635.pdf
10636,WARTH,2017-08-19,Pirkko Koskitalo,invoice_10636.pdf
10637,QUEEN,2017-08-19,cia Carvao,invoice_10637.pdf
10638,LINOD,2017-08-20,Felipe zquierdo,invoice_10638.pdf
10639,SANTG,2017-08-20,Jonas Berguitsen,invoice_10639.pdf
10640,WANDK,2017-08-21,Feta Mater,invoice_10640.pdf
10641,HILAA,2017-08-22,[carlos Hemandez,invoice_10641.pdf
10642,SIMOB,2017-08-22,ste Petersen,invoice_10642.pdf
10643,ALFKI,2017-08-25,Maria Anders,invoice_10643.pdf
10644,WELL,2017-08-25,paula Parente,invoice_10644.pdf
10645,HANAR,2017-08-26,Mare Pontes,invoice_10645.pdf
10646,HUNGO,2017-08-27,pavicia Mckenna,invoice_10646.pdf
10647,QUEDE,2017-08-27,eerardo Batista,invoice_10647.pdf
10648,RICAR,2017-08-28,tanete Limeia,invoice_10648.pdf
10649,MAISD,2017-08-28,catherine Dewey,invoice_10649.pdf
10650,FAMIA,2017-08-29,asia Cruz,invoice_10650.pdf
10651,WANDK,2017-09-01,Feta Mater,invoice_10651.pdf
10652,GOURL,2017-09-01,andre Fonseca,invoice_10652.pdf
10653,FRANK,2017-09-02,peter Franken,invoice_10653.pdf
10654,BERGS,2017-09-02,cristina Berglund,invoice_10654.pdf
10655,REGGC,2017-09-03,htaurizio Moroni,invoice_10655.pdf
10656,GREAL,2017-09-04,oward Snyder,invoice_10656.pdf
10657,SAVEA,2017-09-04,Jose Pavarott,invoice_10657.pdf
10658,QUICK,2017-09-05,Horst Kloss,invoice_10658.pdf
10659,QUEEN,2017-09-05,cia Carvao,invoice_10659.pdf
10660,HUNGC,2017-09-08,yoshi Latimer,invoice_10660.pdf
10661,HUNGO,2017-09-09,pavicia Mckenna,invoice_10661.pdf
10662,LONEP,2017-09-09,Fran witson,invoice_10662.pdf
10663,BONAP,2017-09-10,Laurence Lebinan,invoice_10663.pdf
10664,FURIB,2017-09-10,Lino Redtigue:,invoice_10664.pdf
10665,LONEP,2017-09-11,Fran witson,invoice_10665.pdf
10667,ERNSH,2017-09-12,Roland Mendel,invoice_10667.pdf
10668,RICSU,2017-09-12,hichae! Hote,invoice_10666.pdf
10668,WANDK,2017-09-15,Feta Mater,invoice_10668.pdf
10669,SIMOB,2017-09-15,ste Petersen,invoice_10669.pdf
10670,FRANK,2017-09-16,peter Franken,invoice_10670.pdf
10671,FRANR,2017-09-17,Carine Schmit,invoice_10671.pdf
10672,BERGS,2017-09-17,cristina Berglund,invoice_10672.pdf
10673,WILMK,2017-09-18,hat Kartunen,invoice_10673.pdf
10674,ISLAT,2017-09-18,Helen Bennett,invoice_10674.pdf
10675,FRANK,2017-09-19,peter Franken,invoice_10675.pdf
10676,TORTU,2017-09-22,Miguel angel Pactina,invoice_10676.pdf
10677,ANTON,2017-09-22,antonio Moreno,invoice_10677.pdf
10678,SAVEA,2017-09-23,Jose Pavarott,invoice_10678.pdf
10679,BLONP,2017-09-23,Frécérique Ctoaux,invoice_10679.pdf
10680,OLDWO,2017-09-24,lene Philips,invoice_10680.pdf
10681,GREAL,2017-09-25,oward Snyder,invoice_10681.pdf
10682,ANTON,2017-09-25,antonio Moreno,invoice_10682.pdf
10683,DUMON,2017-09-26,arine Labrune,invoice_10683.pdf
10684,OTTIK,2017-09-26, ensiette Patz,invoice_10684.pdf
10685,GOURL,2017-09-29,andre Fonseca,invoice_10685.pdf
10686,PICCO,2017-09-30,[Georg Pips,invoice_10686.pdf
10687,HUNGO,2017-09-30,pavicia Mckenna,invoice_10687.pdf
10688,VAFFE,2017-10-01,pate tosen,invoice_10688.pdf
10689,BERGS,2017-10-01,cristina Berglund,invoice_10689.pdf
10690,HANAR,2017-10-02,Mare Pontes,invoice_10690.pdf
10691,QUICK,2017-10-03,Horst Kloss,invoice_10691.pdf
10692,ALFKI,2017-10-03,Maria Anders,invoice_10692.pdf
10693,WHITC,2017-10-06,art Jablonski,invoice_10693.pdf
10694,QUICK,2017-10-06,Horst Kloss,invoice_10694.pdf
10695,WILMK,2017-10-07,hat Kartunen,invoice_10695.pdf
10696,WHITC,2017-10-08,art Jablonski,invoice_10696.pdf
10697,LINOD,2017-10-08,Felipe zquierdo,invoice_10697.pdf
10698,ERNSH,2017-10-09,Roland Mendel,invoice_10698.pdf
10699,MORGK,2017-10-09,alexander Fever,invoice_10699.pdf
10700,SAVEA,2017-10-10,Jose Pavarott,invoice_10700.pdf
10701,HUNGO,2017-10-13,pavicia Mckenna,invoice_10701.pdf
10702,ALFKI,2017-10-13,Maria Anders,invoice_10702.pdf
10703,FOLKO,2017-10-14,haria Larsson,invoice_10703.pdf
10704,QUEEN,2017-10-14,cia Carvao,invoice_10704.pdf
10705,HILAA,2017-10-15,[carlos Hemandez,invoice_10705.pdf
10707,AROUT,2017-10-16,Thomas Hardy,invoice_10707.pdf
10708,THEBI,2017-10-17,Lie Nixon,invoice_10708.pdf
10708,OLDWO,2017-10-16,lene Philips,invoice_10706.pdf
10709,GOURL,2017-10-17,andre Fonseca,invoice_10709.pdf
10710,FRANS,2017-10-20,Padle Accort,invoice_10710.pdf
10711,SAVEA,2017-10-21,Jose Pavarott,invoice_10711.pdf
10712,HUNGO,2017-10-21,pavicia Mckenna,invoice_10712.pdf
10713,SAVEA,2017-10-22,Jose Pavarott,invoice_10713.pdf
10714,SAVEA,2017-10-22,Jose Pavarott,invoice_10714.pdf
10715,BONAP,2017-10-23,Laurence Lebinan,invoice_10715.pdf
10716,RANCH,2017-10-24,Sergio Gutérez,invoice_10716.pdf
10717,FRANK,2017-10-24,peter Franken,invoice_10717.pdf
10718,KOENE,2017-10-27,Phiip Cramer,invoice_10718.pdf
10719,LETSS,2017-10-27,Jaime Yortes,invoice_10719.pdf
10720,QUEDE,2017-10-28,eerardo Batista,invoice_10720.pdf
10721,QUICK,2017-10-29,Horst Kloss,invoice_10721.pdf
10722,SAVEA,2017-10-29,Jose Pavarott,invoice_10722.pdf
10723,WHITC,2017-10-30,art Jablonski,invoice_10723.pdf
10724,MEREP,2017-10-30,Jean Fresniére,invoice_10724.pdf
10725,FAMIA,2017-10-31,asia Cruz,invoice_10725.pdf
10726,EASTC,2017-11-03,[ann Devon,invoice_10726.pdf
10727,REGGC,2017-11-03,htaurizio Moroni,invoice_10727.pdf
10728,QUEEN,2017-11-04,cia Carvao,invoice_10728.pdf
10729,LINOD,2017-11-04,Felipe zquierdo,invoice_10729.pdf
10730,BONAP,2017-11-05,Laurence Lebinan,invoice_10730.pdf
10731,CHOPS,2017-11-06,Yang Wang,invoice_10731.pdf
10732,BONAP,2017-11-06,Laurence Lebinan,invoice_10732.pdf
10733,BERGS,2017-11-07,cristina Berglund,invoice_10733.pdf
10734,GOURL,2017-11-07,andre Fonseca,invoice_10734.pdf
10735,LETSS,2017-11-10,Jaime Yortes,invoice_10735.pdf
10736,HUNGO,2017-11-11,pavicia Mckenna,invoice_10736.pdf
10737,VINET,2017-11-11,pau Henot,invoice_10737.pdf
10738,SPECD,2017-11-12,Dominique Perrier,invoice_10738.pdf
10739,VINET,2017-11-12,pau Henot,invoice_10739.pdf
10740,WHITC,2017-11-13,art Jablonski,invoice_10740.pdf
10741,AROUT,2017-11-14,Thomas Hardy,invoice_10741.pdf
10742,BOTTM,2017-11-14,tzabeth Lincoln,invoice_10742.pdf
10743,AROUT,2017-11-17,Thomas Hardy,invoice_10743.pdf
10744,VAFFE,2017-11-17,pate tosen,invoice_10744.pdf
10745,QUICK,2017-11-18,Horst Kloss,invoice_10745.pdf
10746,CHOPS,2017-11-19,Yang Wang,invoice_10746.pdf
10747,PICCO,2017-11-19,[Georg Pips,invoice_10747.pdf
10748,SAVEA,2017-11-20,Jose Pavarott,invoice_10748.pdf
10749,ISLAT,2017-11-20,Helen Bennett,invoice_10749.pdf
10750,WARTH,2017-11-21,Pirkko Koskitalo,invoice_10750.pdf
10751,RICSU,2017-11-24,hichae! Hote,invoice_10751.pdf
10752,NORTS,2017-11-24,simon Crowther,invoice_10752.pdf
10753,FRANS,2017-11-25,Padle Accort,invoice_10753.pdf
10754,MAGAA,2017-11-25,Giovanni Roveth,invoice_10754.pdf
10755,BONAP,2017-11-26,Laurence Lebinan,invoice_10755.pdf
10756,SPLIR,2017-11-27,art Braunschweiger,invoice_10756.pdf
10757,SAVEA,2017-11-27,Jose Pavarott,invoice_10757.pdf
10758,RICSU,2017-11-28,hichae! Hote,invoice_10758.pdf
10759,ANATR,2017-11-28,ana Tryjllo,invoice_10759.pdf
10760,MAISD,2017-12-01,catherine Dewey,invoice_10760.pdf
10761,RATTC,2017-12-02,Paula witson,invoice_10761.pdf
10762,FOLKO,2017-12-02,haria Larsson,invoice_10762.pdf
10763,FOLIG,2017-12-03,Marine Rares,invoice_10763.pdf
10764,ERNSH,2017-12-03,Roland Mendel,invoice_10764.pdf
10765,QUICK,2017-12-04,Horst Kloss,invoice_10765.pdf
10767,SUPRD,2017-12-05,Pascale Cartain,invoice_10767.pdf
10768,AROUT,2017-12-08,Thomas Hardy,invoice_10768.pdf
10768,OTTIK,2017-12-05, ensiette Patz,invoice_10766.pdf
10769,VAFFE,2017-12-08,pate tosen,invoice_10769.pdf
10770,HANAR,2017-12-09,Mare Pontes,invoice_10770.pdf
10772,LEHMS,2017-12-10,tenate Messner,invoice_10772.pdf
10773,ERNSH,2017-12-11,Roland Mendel,invoice_10773.pdf
10774,FOLKO,2017-12-11,haria Larsson,invoice_10774.pdf
10775,THECR,2017-12-12,Liu wong,invoice_10775.pdf
10776,ERNSH,2017-12-15,Roland Mendel,invoice_10776.pdf
10777,GOURL,2017-12-15,andre Fonseca,invoice_10777.pdf
10778,BERGS,2017-12-16,cristina Berglund,invoice_10778.pdf
10779,MORGK,2017-12-16,alexander Fever,invoice_10779.pdf
10780,LILAS,2017-12-16,carlos Gonzalez,invoice_10780.pdf
10781,WARTH,2017-12-17,Pirkko Koskitalo,invoice_10781.pdf
10782,CACTU,2017-12-17,Pavicio Simpson,invoice_10782.pdf
10783,HANAR,2017-12-18,Mare Pontes,invoice_10783.pdf
10784,MAGAA,2017-12-18,Giovanni Roveth,invoice_10784.pdf
10785,GROSR,2017-12-18,hare! Pereira,invoice_10785.pdf
10786,QUEEN,2017-12-19,cia Carvao,invoice_10786.pdf
10787,LAMAI,2017-12-19,annette Roulet,invoice_10787.pdf
10788,QUICK,2017-12-22,Horst Kloss,invoice_10788.pdf
10789,FOLIG,2017-12-22,Marine Rares,invoice_10789.pdf
10790,GOURL,2017-12-22,andre Fonseca,invoice_10790.pdf
10791,FRANK,2017-12-23,peter Franken,invoice_10791.pdf
10792,WOLZA,2017-12-23, zoyszek Piestrzeniewicz,invoice_10792.pdf
10793,AROUT,2017-12-24,Thomas Hardy,invoice_10793.pdf
10794,QUEDE,2017-12-24,eerardo Batista,invoice_10794.pdf
10795,ERNSH,2017-12-24,Roland Mendel,invoice_10795.pdf
10796,HILAA,2017-12-25,[carlos Hemandez,invoice_10796.pdf
10797,DRACD,2017-12-25,sven Otte’,invoice_10797.pdf
10798,ISLAT,2017-12-26,Helen Bennett,invoice_10798.pdf
10799,KOENE,2017-12-26,Phiip Cramer,invoice_10799.pdf
10800,SEVES,2017-12-26,ar Kumar,invoice_10800.pdf
10801,BOLID,2017-12-29,arin Sommer,invoice_10801.pdf
10802,SIMOB,2017-12-29,ste Petersen,invoice_10802.pdf
10803,WELL,2017-12-30,paula Parente,invoice_10803.pdf
10804,SEVES,2017-12-30,ar Kumar,invoice_10804.pdf
10805,THEBI,2017-12-30,Lie Nixon,invoice_10805.pdf
10807,FRANS,2017-12-31,Padle Accort,invoice_10807.pdf
10808,VICTE,2017-12-31,Mary Saveley,invoice_10806.pdf
10808,OLDWO,2018-01-01,lene Philips,invoice_10808.pdf
10809,WELL,2018-01-01,paula Parente,invoice_10809.pdf
10810,LAUGB,2018-01-01,Yoshi Tannamuri,invoice_10810.pdf
10811,LINOD,2018-01-02,Felipe zquierdo,invoice_10811.pdf
10812,REGGC,2018-01-02,htaurizio Moroni,invoice_10812.pdf
10813,RICAR,2018-01-05,tanete Limeia,invoice_10813.pdf
10814,VICTE,2018-01-05,Mary Saveley,invoice_10814.pdf
10815,SAVEA,2018-01-05,Jose Pavarott,invoice_10815.pdf
10816,GREAL,2018-01-06,oward Snyder,invoice_10816.pdf
10817,KOENE,2018-01-06,Phiip Cramer,invoice_10817.pdf
10818,MAGAA,2018-01-07,Giovanni Roveth,invoice_10818.pdf
10819,CACTU,2018-01-07,Pavicio Simpson,invoice_10819.pdf
10820,RATTC,2018-01-07,Paula witson,invoice_10820.pdf
10821,SPLIR,2018-01-08,art Braunschweiger,invoice_10821.pdf
10822,TRAIH,2018-01-08,HeWvetus Nagy,invoice_10822.pdf
10823,LILAS,2018-01-09,carlos Gonzalez,invoice_10823.pdf
10824,FOLKO,2018-01-09,haria Larsson,invoice_10824.pdf
10825,DRACD,2018-01-09,sven Otte’,invoice_10825.pdf
10826,BLONP,2018-01-12,Frécérique Ctoaux,invoice_10826.pdf
10827,BONAP,2018-01-12,Laurence Lebinan,invoice_10827.pdf
10828,RANCH,2018-01-13,Sergio Gutérez,invoice_10828.pdf
10829,ISLAT,2018-01-13,Helen Bennett,invoice_10829.pdf
10830,TRADH,2018-01-13,Anabela Domingues,invoice_10830.pdf
10831,SANTG,2018-01-14,Jonas Berguitsen,invoice_10831.pdf
10832,LAMAI,2018-01-14,annette Roulet,invoice_10832.pdf
10833,OTTIK,2018-01-15, ensiette Patz,invoice_10833.pdf
10834,TRADH,2018-01-15,Anabela Domingues,invoice_10834.pdf
10835,ALFKI,2018-01-15,Maria Anders,invoice_10835.pdf
10836,ERNSH,2018-01-16,Roland Mendel,invoice_10836.pdf
10837,BERGS,2018-01-16,cristina Berglund,invoice_10837.pdf
10838,LINOD,2018-01-19,Felipe zquierdo,invoice_10838.pdf
10839,TRADH,2018-01-19,Anabela Domingues,invoice_10839.pdf
10840,LINOD,2018-01-19,Felipe zquierdo,invoice_10840.pdf
10841,SUPRD,2018-01-20,Pascale Cartain,invoice_10841.pdf
10842,TORTU,2018-01-20,Miguel angel Pactina,invoice_10842.pdf
10843,VICTE,2018-01-21,Mary Saveley,invoice_10843.pdf
10844,PICCO,2018-01-21,[Georg Pips,invoice_10844.pdf
10845,QUICK,2018-01-21,Horst Kloss,invoice_10845.pdf
10846,SUPRD,2018-01-22,Pascale Cartain,invoice_10846.pdf
10847,SAVEA,2018-01-22,Jose Pavarott,invoice_10847.pdf
10848,CONSH,2018-01-23,tzabeth Brown,invoice_10848.pdf
10849,KOENE,2018-01-23,Phiip Cramer,invoice_10849.pdf
10850,VICTE,2018-01-23,Mary Saveley,invoice_10850.pdf
10851,RICAR,2018-01-26,tanete Limeia,invoice_10851.pdf
10852,RATTC,2018-01-26,Paula witson,invoice_10852.pdf
10853,BLAUS,2018-01-27,Hanna Moos,invoice_10853.pdf
10854,ERNSH,2018-01-27,Roland Mendel,invoice_10854.pdf
10855,OLDWO,2018-01-27,lene Philips,invoice_10855.pdf
10856,ANTON,2018-01-28,antonio Moreno,invoice_10856.pdf
10857,BERGS,2018-01-28,cristina Berglund,invoice_10857.pdf
10858,LACOR,2018-01-29,niet Tonint,invoice_10858.pdf
10859,FRANK,2018-01-29,peter Franken,invoice_10859.pdf
10860,FRANR,2018-01-29,Carine Schmit,invoice_10860.pdf
10861,WHITC,2018-01-30,art Jablonski,invoice_10861.pdf
10862,LEHMS,2018-01-30,tenate Messner,invoice_10862.pdf
10863,HILAA,2018-02-02,[carlos Hemandez,invoice_10863.pdf
10864,AROUT,2018-02-02,Thomas Hardy,invoice_10864.pdf
10865,QUICK,2018-02-02,Horst Kloss,invoice_10865.pdf
10867,LONEP,2018-02-03,Fran witson,invoice_10867.pdf
10868,BERGS,2018-02-03,cristina Berglund,invoice_10866.pdf
10868,QUEEN,2018-02-04,cia Carvao,invoice_10868.pdf
10869,SEVES,2018-02-04,ar Kumar,invoice_10869.pdf
10870,WOLZA,2018-02-04, zoyszek Piestrzeniewicz,invoice_10870.pdf
10871,BONAP,2018-02-05,Laurence Lebinan,invoice_10871.pdf
10872,GODOS,2018-02-05,lose Pedro Freyre,invoice_10872.pdf
10873,WILMK,2018-02-06,hat Kartunen,invoice_10873.pdf
10874,GODOS,2018-02-06,lose Pedro Freyre,invoice_10874.pdf
10875,BERGS,2018-02-06,cristina Berglund,invoice_10875.pdf
10876,BONAP,2018-02-09,Laurence Lebinan,invoice_10876.pdf
10877,RICAR,2018-02-09,tanete Limeia,invoice_10877.pdf
10878,QUICK,2018-02-10,Horst Kloss,invoice_10878.pdf
10879,WILMK,2018-02-10,hat Kartunen,invoice_10879.pdf
10880,FOLKO,2018-02-10,haria Larsson,invoice_10880.pdf
10881,CACTU,2018-02-11,Pavicio Simpson,invoice_10881.pdf
10882,SAVEA,2018-02-11,Jose Pavarott,invoice_10882.pdf
10883,LONEP,2018-02-12,Fran witson,invoice_10883.pdf
10884,LETSS,2018-02-12,Jaime Yortes,invoice_10884.pdf
10885,SUPRD,2018-02-12,Pascale Cartain,invoice_10885.pdf
10886,HANAR,2018-02-13,Mare Pontes,invoice_10886.pdf
10887,GALED,2018-02-13,Eduardo Saavedra,invoice_10887.pdf
10888,GODOS,2018-02-16,lose Pedro Freyre,invoice_10888.pdf
10889,RATTC,2018-02-16,Paula witson,invoice_10889.pdf
10890,DUMON,2018-02-16,arine Labrune,invoice_10890.pdf
10891,LEHMS,2018-02-17,tenate Messner,invoice_10891.pdf
10892,MAISD,2018-02-17,catherine Dewey,invoice_10892.pdf
10893,KOENE,2018-02-18,Phiip Cramer,invoice_10893.pdf
10894,SAVEA,2018-02-18,Jose Pavarott,invoice_10894.pdf
10895,ERNSH,2018-02-18,Roland Mendel,invoice_10895.pdf
10896,MAISD,2018-02-19,catherine Dewey,invoice_10896.pdf
10897,HUNGO,2018-02-19,pavicia Mckenna,invoice_10897.pdf
10898,OCEAN,2018-02-20,Yvonne Moncada,invoice_10898.pdf
10899,LILAS,2018-02-20,[carlos Gonzalez,invoice_10899.pdf
10900,WELL,2018-02-20,paula Parente,invoice_10900.pdf
10901,HILAA,,[carlos Hemandez,invoice_10901.pdf
10902,FOLKO,2018-02-23,haria Larsson,invoice_10902.pdf
10903,HANAR,2018-02-24,Mare Pontes,invoice_10903.pdf
10904,WHITC,2018-02-24,art Jablonski,invoice_10904.pdf
10905,WELL,2018-02-24,paula Parente,invoice_10905.pdf
10906,WOLZA,2018-02-25,royszek Pestreniewice,invoice_10906.pdf
10907,SPECD,2018-02-25,Dominique Perrier,invoice_10907.pdf
10908,REGGC,2018-02-26,htaurizio Moroni,invoice_10908.pdf
10909,SANTG,2018-02-26,Jonas Berguitsen,invoice_10909.pdf
10910,WILMK,2018-02-26,hat Kartunen,invoice_10910.pdf
10911,GODOS,2018-02-26,lose Pedro Freyre,invoice_10911.pdf
10912,HUNGO,2018-02-26,pavicia Mckenna,invoice_10912.pdf
10913,QUEEN,2018-02-26,cia Carvao,invoice_10913.pdf
10914,QUEEN,2018-02-27,cia Carvao,invoice_10914.pdf
10915,TORTU,2018-02-27,Miguel angel Pactina,invoice_10915.pdf
10916,RANCH,2018-02-27,Sergio Gutérez,invoice_10916.pdf
10917,ROMEY,2018-03-02,Alejandra Camino,invoice_10917.pdf
10918,BOTTM,2018-03-02,tzabeth Lincoln,invoice_10918.pdf
10919,LINOD,2018-03-02,Felipe zquierdo,invoice_10919.pdf
10920,AROUT,2018-03-03,Thomas Hardy,invoice_10920.pdf
10921,VAFFE,2018-03-03,pate tosen,invoice_10921.pdf
10922,HANAR,2018-03-03,Mare Pontes,invoice_10922.pdf
10923,LAMAI,2018-03-03,annette Roulet,invoice_10923.pdf
10924,BERGS,2018-03-04,cristina Berglund,invoice_10924.pdf
10925,HANAR,2018-03-04,Mare Pontes,invoice_10925.pdf
10926,ANATR,2018-03-04,ana Tryjllo,invoice_10926.pdf
10927,LACOR,2018-03-05,niet Tonint,invoice_10927.pdf
10928,GALED,2018-03-05,Eduardo Saavedra,invoice_10928.pdf
10929,FRANK,2018-03-05,peter Franken,invoice_10929.pdf
10930,SUPRD,2018-03-06,Pascale Cartain,invoice_10930.pdf
10931,RICSU,2018-03-06,hichae! Hote,invoice_10931.pdf
10932,BONAP,2018-03-06,Laurence Lebinan,invoice_10932.pdf
10933,ISLAT,2018-03-06,Helen Bennett,invoice_10933.pdf
10934,LEHMS,2018-03-09,tenate Messner,invoice_10934.pdf
10935,WELL,2018-03-09,paula Parente,invoice_10935.pdf
10936,GREAL,2018-03-09,oward Snyder,invoice_10936.pdf
10937,CACTU,2018-03-10,Pavicio Simpson,invoice_10937.pdf
10938,QUICK,2018-03-10,Horst Kloss,invoice_10938.pdf
10939,MAGAA,2018-03-10,Giovanni Roveth,invoice_10939.pdf
10940,BONAP,2018-03-11,Laurence Lebinan,invoice_10940.pdf
10941,SAVEA,2018-03-11,Jose Pavarott,invoice_10941.pdf
10942,REGGC,2018-03-11,htaurizio Moroni,invoice_10942.pdf
10943,BSBEV,2018-03-11,victoria Ashworth,invoice_10943.pdf
10944,BOTTM,2018-03-12,tzabeth Lincoln,invoice_10944.pdf
10945,MORGK,2018-03-12,alexander Fever,invoice_10945.pdf
10946,VAFFE,2018-03-12,pate tosen,invoice_10946.pdf
10947,BSBEV,2018-03-13,victoria Ashworth,invoice_10947.pdf
10948,GODOS,2018-03-13,lose Pedro Freyre,invoice_10948.pdf
10949,BOTTM,2018-03-13,tzabeth Lincoln,invoice_10949.pdf
10950,MAGAA,2018-03-16,Giovanni Roveth,invoice_10950.pdf
10951,RICSU,2018-03-16,hichae! Hote,invoice_10951.pdf
10952,ALFKI,2018-03-16,Maria Anders,invoice_10952.pdf
10953,AROUT,2018-03-16,Thomas Hardy,invoice_10953.pdf
10954,LINOD,2018-03-17,Felipe zquierdo,invoice_10954.pdf
10955,FOLKO,2018-03-17,haria Larsson,invoice_10955.pdf
10956,BLAUS,2018-03-17,Hanna Moos,invoice_10956.pdf
10957,HILAA,2018-03-18,[carlos Hemandez,invoice_10957.pdf
10958,OCEAN,2018-03-18,Yvonne Moncada,invoice_10958.pdf
10959,GOURL,2018-03-18,andre Fonseca,invoice_10959.pdf
10960,HILAA,2018-03-19,[carlos Hemandez,invoice_10960.pdf
10961,QUEEN,2018-03-19,cia Carvao,invoice_10961.pdf
10962,QUICK,2018-03-19,Horst Kloss,invoice_10962.pdf
10963,FURIB,2018-03-19,Lino Redtigue:,invoice_10963.pdf
10964,SPECD,2018-03-20,Dominique Perrier,invoice_10964.pdf
10965,OLDWO,2018-03-20,lene Philips,invoice_10965.pdf
10966,CHOPS,2018-03-20,Yang Wang,invoice_10966.pdf
10967,TOMSP,2018-03-23,Karin Josephs,invoice_10967.pdf
10968,ERNSH,2018-03-23,Roland Mendel,invoice_10968.pdf
10969,COMM,2018-03-23,Pedro Afonso,invoice_10969.pdf
10970,BOLID,2018-03-24,arin Sommer,invoice_10970.pdf
10971,FRANR,2018-03-24,Carine Schmit,invoice_10971.pdf
10972,LACOR,2018-03-24,niet Tonint,invoice_10972.pdf
10973,LACOR,2018-03-24,niet Tonint,invoice_10973.pdf
10974,SPLIR,2018-03-25,art Braunschweiger,invoice_10974.pdf
10975,BOTTM,2018-03-25,tzabeth Lincoln,invoice_10975.pdf
10976,HILAA,2018-03-25,[carlos Hemandez,invoice_10976.pdf
10978,MAISD,2018-03-26,catherine Dewey,invoice_10978.pdf
10979,ERNSH,2018-03-26,Roland Mendel,invoice_10979.pdf
10980,FOLKO,2018-03-27,haria Larsson,invoice_10980.pdf
10981,HANAR,2018-03-27,Mare Pontes,invoice_10981.pdf
10982,BOTTM,2018-03-27,tzabeth Lincoln,invoice_10982.pdf
10983,SAVEA,2018-03-27,Jose Pavarott,invoice_10983.pdf
10984,SAVEA,2018-03-30,Jose Pavarott,invoice_10984.pdf
10985,HUNGO,2018-03-30,pavicia Mckenna,invoice_10985.pdf
10986,OCEAN,2018-03-30,Yvonne Moncada,invoice_10986.pdf
10987,EASTC,2018-03-31,[ann Devon,invoice_10987.pdf
10988,RATTC,2018-03-31,Paula witson,invoice_10988.pdf
10989,QUEDE,2018-03-31,eerardo Batista,invoice_10989.pdf
10990,ERNSH,2018-04-01,Roland Mendel,invoice_10990.pdf
10991,QUICK,2018-04-01,Horst Kloss,invoice_10991.pdf
10992,THEBI,2018-04-01,Lie Nixon,invoice_10992.pdf
10993,FOLKO,2018-04-01,haria Larsson,invoice_10993.pdf
10994,VAFFE,2018-04-02,pate tosen,invoice_10994.pdf
10995,PERIC,2018-04-02,uitermo Fernandez,invoice_10995.pdf
10996,QUICK,2018-04-02,Horst Kloss,invoice_10996.pdf
10997,LILAS,2018-04-03,carlos Gonzalez,invoice_10997.pdf
10998,WOLZA,2018-04-03, zoyszek Piestrzeniewicz,invoice_10998.pdf
10999,OTTIK,2018-04-03, ensiette Patz,invoice_10999.pdf
11000,RATTC,2018-04-06,Paula witson,invoice_11000.pdf
11001,FOLKO,2018-04-06,haria Larsson,invoice_11001.pdf
11002,SAVEA,2018-04-06,Jose Pavarott,invoice_11002.pdf
11003,THECR,2018-04-06,Liu wong,invoice_11003.pdf
11004,MAISD,2018-04-07,catherine Dewey,invoice_11004.pdf
11005,WILMK,2018-04-07,hat Kartunen,invoice_11005.pdf
11006,GREAL,2018-04-07,oward Snyder,invoice_11006.pdf
11007,PRINI,2018-04-08,isabel de Castro,invoice_11007.pdf
11008,ERNSH,2018-04-08,Roland Mendel,invoice_11008.pdf
11009,GODOS,2018-04-08,lose Pedro Freyre,invoice_11009.pdf
11010,REGGC,2018-04-09,htaurizio Moroni,invoice_11010.pdf
11011,ALFKI,2018-04-09,Maria Anders,invoice_11011.pdf
11012,FRANK,2018-04-09,peter Franken,invoice_11012.pdf
11013,ROMEY,2018-04-09,Alejandra Camino,invoice_11013.pdf
11014,LINOD,2018-04-10,Felipe zquierdo,invoice_11014.pdf
11015,SANTG,2018-04-10,Jonas Berguitsen,invoice_11015.pdf
11016,AROUT,2018-04-10,Thomas Hardy,invoice_11016.pdf
11017,ERNSH,2018-04-13,Roland Mendel,invoice_11017.pdf
11018,LONEP,2018-04-13,Fran witson,invoice_11018.pdf
11019,RANCH,2018-04-13,Sergio Gutérez,invoice_11019.pdf
11020,OTTIK,2018-04-14, ensiette Patz,invoice_11020.pdf
11021,QUICK,2018-04-14,Horst Kloss,invoice_11021.pdf
11022,HANAR,2018-04-14,Mare Pontes,invoice_11022.pdf
11023,BSBEV,2018-04-14,victoria Ashworth,invoice_11023.pdf
11024,EASTC,2018-04-15,[ann Devon,invoice_11024.pdf
11025,WARTH,2018-04-15,Pirkko Koskitalo,invoice_11025.pdf
11026,FRANS,2018-04-15,Padle Accort,invoice_11026.pdf
11027,BOTTM,2018-04-16,tzabeth Lincoln,invoice_11027.pdf
11028,KOENE,2018-04-16,Phiip Cramer,invoice_11028.pdf
11029,CHOPS,2018-04-16,Yang Wang,invoice_11029.pdf
11030,SAVEA,2018-04-17,Jose Pavarott,invoice_11030.pdf
11031,SAVEA,2018-04-17,Jose Pavarott,invoice_11031.pdf
11032,WHITC,2018-04-17,art Jablonski,invoice_11032.pdf
11033,RICSU,2018-04-17,hichae! Hote,invoice_11033.pdf
11034,OLDWO,2018-04-20,lene Philips,invoice_11034.pdf
11035,SUPRD,2018-04-20,Pascale Cartain,invoice_11035.pdf
11036,DRACD,2018-04-20,sven Otte’,invoice_11036.pdf
11037,GODOS,2018-04-21,lose Pedro Freyre,invoice_11037.pdf
11038,SUPRD,2018-04-21,Pascale Cartain,invoice_11038.pdf
11039,LINOD,2018-04-21,Felipe zquierdo,invoice_11039.pdf
11040,GREAL,2018-04-22,oward Snyder,invoice_11040.pdf
11041,CHOPS,2018-04-22,Yang Wang,invoice_11041.pdf
11042,COMM,2018-04-22,Pedro Afonso,invoice_11042.pdf
11043,SPECD,2018-04-22,Dominique Perrier,invoice_11043.pdf
11044,WOLZA,2018-04-23, zoyszek Piestrzeniewicz,invoice_11044.pdf
11045,BOTTM,2018-04-23,tzabeth Lincoln,invoice_11045.pdf
11046,WANDK,2018-04-23,Feta Mater,invoice_11046.pdf
11047,EASTC,2018-04-24,[ann Devon,invoice_11047.pdf
11048,BOTTM,2018-04-24,tzabeth Lincoln,invoice_11048.pdf
11049,GOURL,2018-04-24,andre Fonseca,invoice_11049.pdf
11050,FOLKO,2018-04-27,haria Larsson,invoice_11050.pdf
11051,LAMAI,2018-04-27,annette Roulet,invoice_11051.pdf
11052,HANAR,2018-04-27,Mare Pontes,invoice_11052.pdf
11053,PICCO,2018-04-27,[Georg Pips,invoice_11053.pdf
11054,CACTU,2018-04-28,Pavicio Simpson,invoice_11054.pdf
11055,HILAA,2018-04-28,[carlos Hemandez,invoice_11055.pdf
11056,EASTC,2018-04-28,[ann Devon,invoice_11056.pdf
11057,NORTS,2018-04-29,simon Crowther,invoice_11057.pdf
11058,BLAUS,2018-04-29,Hanna Moos,invoice_11058.pdf
11059,RICAR,2018-04-29,tanete Limeia,invoice_11059.pdf
11060,FRANS,2018-04-30,Padle Accort,invoice_11060.pdf
11061,GREAL,2018-04-30,oward Snyder,invoice_11061.pdf
11062,REGGC,2018-04-30,htaurizio Moroni,invoice_11062.pdf
11063,HUNGO,2018-04-30,pavicia Mckenna,invoice_11063.pdf
11064,SAVEA,2018-05-01,Jose Pavarott,invoice_11064.pdf
11065,LILAS,2018-05-01,carlos Gonzalez,invoice_11065.pdf
11066,WHITC,2018-05-01,art Jablonski,invoice_11066.pdf
11067,DRACD,2018-05-04,sven Otte’,invoice_11067.pdf
11068,QUEEN,2018-05-04,cia Carvao,invoice_11068.pdf
11069,TORTU,2018-05-04,Miguel angel Pactina,invoice_11069.pdf
11070,LEHMS,2018-05-05,tenate Messner,invoice_11070.pdf
11071,LILAS,2018-05-05,carlos Gonzalez,invoice_11071.pdf
11072,ERNSH,2018-05-05,Roland Mendel,invoice_11072.pdf
11073,PERIC,2018-05-05,uitermo Fernandez,invoice_11073.pdf
11074,SIMOB,2018-05-06,ste Petersen,invoice_11074.pdf
11075,RICSU,2018-05-06,hichae! Hote,invoice_11075.pdf
11076,BONAP,2018-05-06,Laurence Lebinan,invoice_11076.pdf
11077,RATTC,2018-05-06,Paula witson,invoice_11077.pdf
