File Name,Company Name,Tax Invoice Number,GST Number,Date,Total Amount,Payment Mode
X00016469612.jpg,TAMAN DAYA,,,25/12/2018,9.00,CODE
X00016469619.jpg,INDAH GIFT & HOME BECO,,,19/10/2018,2,89888 1 10
X00016469620.jpg,"KAWASAN PERINDUSTRIAN BALAKONG ,.",OICE,,,33,CHANGE RM 16
X00016469622.jpg,YONGFATT ENTERPRISE,CASH,SIMPLIFIED,26/12/2018,1,Doe No CS00031664
X00016469623.jpg,MR O.T.Y. (M) SON BHD,KILAT,,,30.90,CHANGE RM 20
X00016469669.jpg,ABC HO TRADING,,,09/01/2019,,Date
X00016469670.jpg,OJC MARKETING SDN BHD,OICE,,,6,9900000000004 318
X00016469671.jpg,OJC MARKETING SDN BHD,,,02/01/2019,170.00,l
X00016469672.jpg,SOON HUAT MACHINERY ENTERPRISE,,,11/01/2019,9,Doc No
X00016469676.jpg,INVOICE,TTEM/DESC,,,4132,CHANGE
X51005200931.jpg,,Salesperson,SIMPLIFIED,09/02/2078,411.50,
X51005200938.jpg,PERNIAGAAR ZHENG HUI,OICE,SIMPLIFIED,,706.10,
X51005230605.jpg,PETRON BKT LANJAN SB,TAX,,,3,Change
X51005230616.jpg,TAX INVOICE,MFY,,,2,Change 11
X51005230617.jpg,,MFY,,,2,Change 73
X51005230621.jpg,,CASH,,,7.30,Invoice No
X51005230648.jpg,CROSS CHANNEL NETWORK SDN. BHD.,BTG-052332,,,6,
X51005230657.jpg,,BTG-050036,,,6,
X51005230659.jpg,,OICE,,,1,CHANGE 2
X51005255805.jpg,TAX INVOICE,HE,,,14.10,CHANGE RN 3
X51005268200.jpg,ALAM) SON BHD,,SUAPLIFTED,15/06/2017,6,CHANGE 6
X51005268262.jpg,HOME MASTER HARDWARE &,Involge,,22/12/2017,45.00,
X51005268275.jpg,LIGHTROOM GALLERY SDN BHD,,,20/11/2017,263,Station
X51005268400.jpg,RESTORAN HASSANBISTRO,HXKKKAKEKAAA,,12/28/2017,1.00,CHANGE nf ne
X51005268408.jpg,,HO,,,2,CHARGE RH
X51005268472.jpg,A MART,t,,,31.03,
X51005288570.jpg,SECURE,,,,,Parking
X51005301659.jpg,HOME MASTER HARDWARE &,Involge,,22/12/2017,45.00,
X51005301661.jpg,LIGHTROOM GALLERY SDN BHD,Station,,20/12/2017,68,Address
X51005301666.jpg,LIGHTROOM GALLERY SDN BHD,,,20/11/2017,263,Station
X51005301667.jpg,IGHTROOM GALL,,,20/11/2017,39,E
X51005303661.jpg,LIGHTROOM GALLERY SDN BHD,Station,,20/12/2017,68,Address
X51005306399.jpg,,,,,86.00,618840126306675
X51005337867.jpg,OLDTOWN WHITE COFFEE,,,,25.94,
X51005337872.jpg,RR.,,,06/03/2018,5142,
X51005337877.jpg,UROKO JAPANESE CUISINE SDN BHD,,,20/03/2018,46.00,
X51005361883.jpg,,,,,2,Receipt No
X51005361895.jpg,"ALA SELANGCRO ,",TRN,,,1.00,Change 41
X51005361897.jpg,,CASH,SIMPLIFIED,17/01/2018,1,Receipt No
X51005361898.jpg,TEO HENG STATIONERY & BOOKS,CASH,SIMPLIFIED,15/01/2018,2,Receipt No
X51005361900(1).jpg,,CASH,SIMPLIFIED,23/01/2018,16.98,Receipt No
X51005361900.jpg,,CASH,SIMPLIFIED,23/01/2018,16.98,Receipt No
X51005361906.jpg,,,,,8,Receipt No
X51005361907(1).jpg,,,,12/02/2018,18,Receipt No
X51005361907.jpg,,,,12/02/2018,18,Receipt No
X51005361908.jpg,,,,16/03/2018,48,Receipt No
X51005361912.jpg,TEO HENG STATIONERY & BOOKS,OICE,,29/01/2018,2,A
X51005361923.jpg,SWC ENTERPRISE SDN BRAD,ZSLE,,,4.20,Li HANGE AG OG
X51005361946.jpg,,SOURING,,,,CHANGE RM
X51005361950(1).jpg,,18287/102/ToN49,INVOICE,,3,CHANGE RH
X51005361950.jpg,,18287/102/ToN49,INVOICE,,3,CHANGE RH
X51005365179(1).jpg,"KAWASAN PERINDUSTRIAN BUKIT SERDANG,",Invoice,,,20.00,
X51005365179.jpg,"KAWASAN PERINDUSTRIAN BUKIT SERDANG,",Invoice,,,20.00,
X51005365187.jpg,F&P PHARMACY,__,,,1,Change
X51005433492(1).jpg,UNIHAKKA INTERNATIONAL SDN BHD,Invoice,,,1001000000680,CASH
X51005433492.jpg,UNIHAKKA INTERNATIONAL SDN BHD,Invoice,,,1001000000680,CASH
X51005433494.jpg,,,,,,
X51005433514.jpg,UNIHAKKA INTERNATIONAL-SDN BHD,Invoice,,,100700000035,Change
X51005433518.jpg,,Invoice,,,0035,CASH 98
X51005433522.jpg,UNIHAKKA INTERNATIONAL SDN BHD,Invoice,,,100700000035,Change
X51005433533.jpg,,GOGIANT,SIMPLIFIED,,332.30,
X51005433538.jpg,,Invoice,,,160100000035,CASH
X51005433541.jpg,,Invoice,,,00,
X51005433543.jpg,,Invoice,,,100100000035,CASH
X51005433548.jpg,,,,,,asl CHANGE
X51005433552.jpg,,OIGE,,10/03/2078,3,
X51005433553.jpg,,OICE,,,6,Cash Chenge
X51005433556.jpg,,OICE,,,49.70,Cash Change 0
X51005441398.jpg,,,,30/03/2018,"179,40",
X51005441401.jpg,HREE STOOGES,,,,296.00,
X51005441402.jpg,THREE STOOGES,TABLE,,03/03/2018,169.00,CHANGE 25
X51005441407.jpg,SIMPLIFIED TAX INVOICE,Invoice,RESERVATION,,6,CHANGE RM 35
X51005441408.jpg,"DAMANSARA UTAMA,",Table,,,5,CHANGE
X51005442322.jpg,,,,,10,
X51005442327.jpg,,Invoice,,,001,cash
X51005442333.jpg,UNIHAKKA INTERNATIONAL SDN BHD.,Invoice,,,100100000056,t
X51005442334.jpg,UNIHAKKA INTERNATIONAL SDN BHD,Invoice,,,100700000035,t
X51005442338.jpg,,,,,28.60,
X51005442341.jpg,,,,,,RM 170
X51005442343.jpg,,,,13/03/2018,67.92,Change
X51005442344.jpg,,O,,13/03/2018,98.17,Change
X51005442346.jpg,,CA,SIMPLIFIED,18/03/2018,7.56,Ghange
X51005442361.jpg,,no,,,6,
X51005442366.jpg,,,,22-03-2018,4,Receipt
X51005442375.jpg,,Invoice,,,100700000060,Change
X51005442376(1).jpg,UNIHAKKA INTERNATIONAL SON BHD,Invoice,,,100100000096,CASH
X51005442376.jpg,UNIHAKKA INTERNATIONAL SON BHD,Invoice,,,100100000096,CASH
X51005442378(1).jpg,,,,,30.00,CHANGE DUE 10
X51005442378.jpg,,,,,30.00,CHANGE DUE 10
X51005442379(1).jpg,UNIHAKKA INTERNATIONAL SON BHD,Invoice,,,160700000027,CASH
X51005442379.jpg,UNIHAKKA INTERNATIONAL SON BHD,Invoice,,,160700000027,CASH
X51005442382.jpg,UNIHAKKA INTERNATIONAL SDN BHD,Invoice,,,100,CASH
X51005442383(1).jpg,,,,,2,CHANGE 0
X51005442383.jpg,,,,,2,CHANGE 0
X51005442384(1).jpg,UNIHAKKA INTERNATIONAL SDN BHD,Invoice,,,100100000007,CASH
X51005442384.jpg,UNIHAKKA INTERNATIONAL SDN BHD,Invoice,,,100100000007,CASH
X51005442386.jpg,,invoice,,,100100000121,t
X51005442388.jpg,ADD ON,,,,,CHANGE RH 8
X51005442392.jpg,,Invoice,,,7.40,CASH
X51005442394.jpg,,Invoice,,,160700000036,SASH
X51005442397.jpg,,,,26-03-2018,7.60,Receipt
X51005444033.jpg,,BATO2201803120255,,,6,Change 22
X51005444037.jpg,,oice,,,,
X51005444040.jpg,,BATO1201803090220,,,6,Change 6
X51005444041.jpg,,BATO1201803080169,,,6,
X51005444044.jpg,TAMAN BERKELEY,18332/103/T0157,INVOICE,,6,CHANGE RM 6S
X51005444045.jpg,TAMAN BERKELEY,s,INVOICE,,11.48,CHANGE RN 60
X51005444046.jpg,,s,,,6,Change 0
X51005447832.jpg,,number,,,85,6018840059147765
X51005447833.jpg,,60000483942,,,88.17,6018840059147765
X51005447839.jpg,,Invoice,,,65,
X51005447840.jpg,,TRN,,,4.00,Change 12
X51005447841.jpg,,TRN,,,4.00,Change 0
X51005447842.jpg,,TRN,,,1.00,Change 4
X51005447844.jpg,,Invoice,,,110.00,
X51005447848.jpg,,,,,,
X51005447850.jpg,,TRN,,,1.00,Change 2
X51005447851.jpg,,TRN,,,1.00,Change 98
X51005447852.jpg,,18314/102/70422,INVOICE,,6,CHANGE RH 10
X51005447853.jpg,,NO,INVOICE,,141,ane
X51005447859.jpg,,TRN,,,1.00,Change 8
X51005447860.jpg,,2018021951320026157,,,17.76,iten Count 3 Change Amt 33
X51005447861.jpg,POPULAR BOOK,,,,49,Card Expiry
X51005453729.jpg,LIAN HING STATIONERY SDN BHO.,its,,,6,
X51005453801.jpg,GL HANDICRAFT & TAILORING,invoice,,,102.00,
X51005453802.jpg,UAN HING STATIONERY SDN BHD,Qty,,,6,
X51005453804.jpg,WAN HING STATIONERY SDN BHD,CS-20243,,,6,
X51005568827.jpg,,153887,,29-10-2017,21.30,
X51005568829.jpg,,,,02/02/2017,92,Change 7
X51005568855.jpg,,,,,140,ard Expiry
X51005568866.jpg,,,,,5,Card Expiry
X51005568880.jpg,,TOILET,,,6,CHANGE RM 34
X51005568881.jpg,HON HWA HARDWARE TRADING,CBH,,,10.40,Oty Description
X51005568884.jpg,,BATTERY,,,6,CHANGE RM 0
X51005568885.jpg,,RC,,,7,Change 0
X51005568887.jpg,,CBE,,,20,Oty Description Price Tota
X51005568889.jpg,PO,CB,,,19.60,GST Summary
X51005568890.jpg,HON HWA HARDWARE TRADING,CBH,,,1,Oty Descnrption Price Total
X51005568891.jpg,HON HWA HARDWARE TRADING,CB,,,277.90,GST Summary
X51005568892.jpg,,Texsble,,,"24,92",Change 6
X51005568894.jpg,,Doc,,,44.00,Cash Change 5
X51005568895.jpg,TAX INVOICE,Doc,,13/09/2017,"49,50",Cash Change 0
X51005568898.jpg,,,,,17.75,Summary Amount
X51005568899.jpg,,CLOTH,,,6,GST Summary Amt
X51005568900.jpg,,PADLOCK,,,,CHANGE RM 0
X51005568911(1).jpg,,BOOSTER,,,6,CHANGE RM 2
X51005568911.jpg,,BOOSTER,,,6,CHANGE RM 2
X51005568913(1).jpg,TKANO HANDEL SDN BHD,,,,6,
X51005568913.jpg,TKANO HANDEL SDN BHD,,,,6,
X51005568914(1).jpg,,,,,6,
X51005568914.jpg,,,,,6,
X51005577191.jpg,,,,,1,
X51005577192(1).jpg,,,ROUNDING,04/12/2017,2,
X51005577192.jpg,,,ROUNDING,04/12/2017,2,
X51005582745.jpg,"JINTANG SELATAN, KEPONG.",,,04/12/2016,141.51,RECEIPT
X51005587254.jpg,MYDIN MART SRI MUDA,must,,19/03/2017,5.00,CHANGE 5
X51005587261.jpg,CHOP YEW LIAN,,,,30.00,6
X51005587267.jpg,HYDIN MART SRI MUDA,must,RECEIPT,,,
X51005605284(1).jpg,ADVANCO COMPANY,CBH,,,4,Change 2
X51005605284(2).jpg,ADVANCO COMPANY,CBH,,,4,Change 2
X51005605284(3).jpg,ADVANCO COMPANY,CBH,,,4,Change 2
X51005605284(4).jpg,ADVANCO COMPANY,CBH,,,4,Change 2
X51005605284.jpg,ADVANCO COMPANY,CBH,,,4,Change 2
X51005605285(1).jpg,IN,2018032251310415556,SHOPPING,,5,Item Count 1 Change Amt 44
X51005605285(2).jpg,IN,2018032251310415556,SHOPPING,,5,Item Count 1 Change Amt 44
X51005605285(3).jpg,IN,2018032251310415556,SHOPPING,,5,Item Count 1 Change Amt 44
X51005605285.jpg,IN,2018032251310415556,SHOPPING,,5,Item Count 1 Change Amt 44
X51005605286(1).jpg,"SRO FLR, AEON TAMAN MALURI SC",2018020951320023885,SHOPPING,,5.90,Item Count 1 Change Amt 4
X51005605286(2).jpg,"SRO FLR, AEON TAMAN MALURI SC",2018020951320023885,SHOPPING,,5.90,Item Count 1 Change Amt 4
X51005605286(3).jpg,"SRO FLR, AEON TAMAN MALURI SC",2018020951320023885,SHOPPING,,5.90,Item Count 1 Change Amt 4
X51005605286.jpg,"SRO FLR, AEON TAMAN MALURI SC",2018020951320023885,SHOPPING,,5.90,Item Count 1 Change Amt 4
X51005605287.jpg,"SRD FLR, AEQN TAMAN MALURT SC",2016031,SHOPPING,,12.25,Ite Count 2 Charge Amt 37
X51005605295.jpg,,,,,6,Lot G01
X51005605332.jpg,POPULAR BOOK,,,,"7,95",CHANGE 2
X51005605333(1).jpg,POPULAR BOOK.,,,,31.45,CHANGE 18
X51005605333.jpg,POPULAR BOOK.,,,,31.45,CHANGE 18
X51005605334.jpg,POPULAR BOOK,,,,6,CHANGE
X51005605335.jpg,POPULAR BOOK,,,,6,CHANGE
X51005621482.jpg,,Invoice,,20/03/2018,6.00,Change
X51005663272.jpg,WAHIN HARDWARE SIN BHD,Invoice,,,2.40,
X51005663273.jpg,SYARIKAT PERNIAGAAN GIN KEE,OICE,SIMPLIFIED,04/12/2017,3,Change
X51005663274.jpg,,invoice,,08/02/2018,10.50,
X51005663276.jpg,,CASH,SIMPLIFIED,02/12/2017,7,3
X51005663277.jpg,SYARIKAT PERNIAGAAN GIN KEE,x,,02/12/2017,28.00,Change
X51005663278.jpg,TKANO HANDEL SDN BHD,,,,13.30,GST SR Oh 13
X51005663279.jpg,,CASH,SIMPLIFIED,28/12/2017,140.00,Doc No
X51005663280.jpg,GUEST EXPERIENCE SURVEY,ite,,,87.90,CHILI7S VOUCHER FOR RM1
X51005663293.jpg,SWEET FOREST CAFE,Table,,14-02-2018,1,CHANGE
X51005663297.jpg,,Bill,,,20,Change
X51005663298.jpg,,Table,,21-03-2018,1,CHANGE
X51005663300.jpg,LIM SENG THO HARDWARE TRADING,NVvoice,,02/02/2018,7.00,
X51005663301.jpg,,OICE,,03/02/2018,7.00,
X51005663307.jpg,,LA,,09/02/2018,56.80,Cash Change
X51005663309.jpg,,,,,,
X51005663310.jpg,,CE,,09/02/2018,840,
X51005663311.jpg,,Invoice,,09/02/2018,7.00,
X51005663317.jpg,MALAYSIA,Invoice,,29/12/2017,6,
X51005663323.jpg,KOH SENG HARDWARE,,RECEIPT,04/12/2017,2,CHANGE
X51005663324(1).jpg,,OICE,SIMPLIFIED,28/12/2017,470002,
X51005663324.jpg,,OICE,SIMPLIFIED,28/12/2017,470002,
X51005675095(1).jpg,SOLARIS,oice,,,4.00,
X51005675095.jpg,SOLARIS,oice,,,4.00,
X51005675099.jpg,,ep,,,6,CHANGE 0
X51005675103.jpg,SYARIKAT PERNIAGAAN GIN KEE,OICE,SIMPLIFIED,04/01/2018,4,DocNo
X51005675104.jpg,SYARIKAT PERNIAGAAN GIN KEE,CASH,SIMPLIFIED,25/01/2018,3,Doc No
X51005675914.jpg,BEYOND BROTHERS HARDWARE,Doc,,,5,Change
X51005676534.jpg,SYARIKAT PERNIAGAAN GIN KEE,CASH,SIMPLIFIED,03/01/2018,4,Change
X51005676535.jpg,,CASH,SIMPLIFIED,30/12/2017,120,Doc No
X51005676536(1).jpg,,CASH,SIMPLIFIED,02/01/2018,87.80,DocNo CS00012507 Date
X51005676536.jpg,,CASH,SIMPLIFIED,02/01/2018,87.80,DocNo CS00012507 Date
X51005676537.jpg,,OICE,SIMPLIFIED,03/01/2018,2,DocNo
X51005676538(1).jpg,,OICE,SIMPLIFIED,04/01/2018,6,Doc No
X51005676538.jpg,,OICE,SIMPLIFIED,04/01/2018,6,Doc No
X51005676539(1).jpg,SYARIKAT PERNIAGAAN GIN KEE,a,SIMPLIFIED,10/01/2018,23.32,Change
X51005676539.jpg,SYARIKAT PERNIAGAAN GIN KEE,a,SIMPLIFIED,10/01/2018,23.32,Change
X51005676540.jpg,,CASH,SIMPLIFIED,11/01/2018,4,Change
X51005676541.jpg,,CASH,SIMPLIFIED,03/01/2018,7,DocNo
X51005676542.jpg,,OICE,SIMPLIFIED,29/12/2017,7,Doc No
X51005676543.jpg,SYARIKAT PERNIAGAAN GIN KEE,OICE,SIMPLIFIED,02/01/2018,2,Doc No
X51005676544.jpg,SYARIKAT PERNIAGAAN GIN KEE,OICE,SIMPLIFIED,02/01/2018,1,Change
X51005676545.jpg,,CASH,SIMPLIFIED,13/01/2018,3,Doc No C
X51005676546.jpg,,CASH,SIMPLIFIED,11/01/2018,2,Doc No
X51005676547.jpg,,CASH,SIMPLIFIED,13/01/2018,6,DocNo
X51005676548.jpg,,OICE,SIMPLIFIED,16/01/2018,063,Change
X51005676549.jpg,,CASH,SIMPLIFIED,02/01/2018,37,DocNo
X51005677327.jpg,,CASH,SIMPLIFIED,01/02/2018,2,Doc No
X51005677328.jpg,,CASH,SIMPLIFIED,12/02/2018,5.00,Doc No CS00013254 Date
X51005677329.jpg,,CASH,SIMPLIFIED,,3,Deo No
X51005677331(1).jpg,,OICE,SIMPLIFIED,03/02/2018,57,DocNo
X51005677331.jpg,,OICE,SIMPLIFIED,03/02/2018,57,DocNo
X51005677332(1).jpg,,CASH,SIMPLIFIED,12/01/2018,795,Doc No
X51005677332.jpg,,CASH,SIMPLIFIED,12/01/2018,795,Doc No
X51005677333.jpg,,CASH,SIMPLIFIED,31/01/2018,13,Doc No
X51005677334(1).jpg,SYARIKAT PERNIAGAAN GIN KEE,OICE,SIMPLIFIED,31/01/2018,6,Change
X51005677334(2).jpg,SYARIKAT PERNIAGAAN GIN KEE,OICE,SIMPLIFIED,31/01/2018,6,Change
X51005677334.jpg,SYARIKAT PERNIAGAAN GIN KEE,OICE,SIMPLIFIED,31/01/2018,6,Change
X51005677335(1).jpg,,CASH,SIMPLIFIED,24/01/2018,8,Doc No C800012922 Date
X51005677335.jpg,,CASH,SIMPLIFIED,24/01/2018,8,Doc No C800012922 Date
X51005677336.jpg,,CASH,SIMPLIFIED,27/01/2018,30,Doc No
X51005677337.jpg,,CASH,SIMPLIFIED,02/02/2018,4,Doc No
X51005677339(1).jpg,,C,,,3,Change
X51005677339(2).jpg,,C,,,3,Change
X51005677339.jpg,,C,,,3,Change
X51005684949.jpg,WESTERN EASTERN,REG,,,7,TAX INVOICE OF GSI
X51005685355(1).jpg,RESTORAN IBRAHIM MAJU SB,1-161696,INVOICE,,5.30,Change RM 4
X51005685355(2).jpg,RESTORAN IBRAHIM MAJU SB,1-161696,INVOICE,,5.30,Change RM 4
X51005685355.jpg,RESTORAN IBRAHIM MAJU SB,1-161696,INVOICE,,5.30,Change RM 4
X51005685357(1).jpg,TAX INVOICE,Cashier,,,061558,
X51005685357(2).jpg,TAX INVOICE,Cashier,,,061558,
X51005685357.jpg,TAX INVOICE,Cashier,,,061558,
X51005705722(1).jpg,ASO ELECTRICAL TRADING SDN BHD,OICE,,27/09/2017,234.00,Change
X51005705722.jpg,ASO ELECTRICAL TRADING SDN BHD,OICE,,27/09/2017,234.00,Change
X51005705727.jpg,KEDAI BUKU NEW ACHEIVERS,Bill,,28/12/2017,40.00,Change
X51005705729.jpg,ASO ELECTRICAL TRADING SDN BHD,Bill,,13/10/2017,89.26,Change
X51005705759.jpg,MYDIN MART SRI MUDA,a,RECEIPT,,109.90,
X51005705760.jpg,MYDIN,or,RECEIPT,10/08/2017,,CHANGE 28
X51005705784.jpg,FULL TAX INVOICE,OICE,,15/09/2017,45.28,Change
X51005705804.jpg,ASO ELECTRICAL TRADING SDN BHD,Pa,,04/12/2017,93.40,Change
X51005710963.jpg,TS TOOLS HARDWARE & RACHINERT SOR BED,,RECEIPT,21/03/2018,1,CHANGE 0
X51005711401.jpg,",-.",INV,,19-03-2018,4,GST Summary Amount
X51005711402.jpg,,INV,,17-03-2018,1,GST Summary Amount
X51005711403.jpg,,INV,,19-03-2018,2,GST Summary Amount
X51005711404.jpg,,INV,,14-03-2018,4,GST Summary Amount
X51005711441.jpg,,INV,,21-03-2018,"6,33",GST Summary Amount
X51005711442.jpg,,INV,,16-03-2018,8,GST Summary Amount
X51005711443.jpg,,INV,,23-03-2018,6,GST Summary Amount
X51005711444.jpg,,INV,,21-03-2018,4,GST Summary amount
X51005711445.jpg,,INV,,12-03-2018,6,GST Summary Amount
X51005711446.jpg,,INV,,10-03-2018,6,GST Summary Amount
X51005711447.jpg,,INV,,14-03-2018,2,GST Summary Amount
X51005711449.jpg,,INV,,,2,GST Summary Amount
X51005711451.jpg,,INV,,05-03-2018,2.80,GST Summary Amount
X51005711452.jpg,,MFY,,,1,Change 0
X51005711453.jpg,,MFY,,,1,Change 41
X51005711454.jpg,,,,,72.93,62
X51005711456.jpg,,Table,,31-03-2018,56.20,
X51005712017.jpg,GTY ITEM TOTAL,MFY,,,1,Change 6
X51005712021.jpg,HAPPY SNACKS ENTERPRISE,,,20/03/2018,26.82,Change 23
X51005712038.jpg,SWC ENTERPRISE SDN BHD,00516087100028,,,87,
X51005712039.jpg,L TWO FLORIST & HANDICRAFT,,,21/03/2018,3,RECEIPT
X51005715006.jpg,,KNGO1-1032303,,20/03/2018,0.00,GST Summan
X51005715007.jpg,KAISON FURNISHING SDN BHD,,,,18.70,Change 1
X51005715010.jpg,,,,,004,GST SUMMARY
X51005715451.jpg,POPULAR BOOK,,,,14.64,CHANGE 35
X51005715455.jpg,,s,INVOICE,,5,CHANGE RM 7
X51005715456.jpg,KHE ELECTRICAL TRADING,_,,22/03/2078,2,Change 0
X51005717526.jpg,Y,MFY,,,1,Ch
X51005719814.jpg,,Invoice,,,29.70,CHANGE RM 0
X51005719823.jpg,SIMPLIFIED TAX INVOICE,AA,,,14,RECEIPT fs 800123688 LATE
X51005719855.jpg,,,,,181.55,CHANGE 20
X51005719856.jpg,,Invoice,,18/02/2018,1,Cash Change
X51005719857.jpg,,,,19-02-2018,20.40,
X51005719862.jpg,,s,INVOICE,,57,CHANGE RN
X51005719863.jpg,,,,,,
X51005719864.jpg,FUN N CHEER (MALURD,OICE,,,2,CHANGE 20
X51005719873.jpg,,Counter,,21/01/2018,8.60,Tendered 9
X51005719874.jpg,,Invoice,,,00,Change RM11
X51005719882.jpg,,18311/103/T0280,INVOICE,,213.00,CHANGE RM 00
X51005719883.jpg,TAMAN BERKELE,18311/102/T039S,INVOICE,,57,CHANGE RM 41
X51005719886.jpg,,001-001-0934-0001,,,28.10,CHANGE 71
X51005719888.jpg,,TABLE,,,39.80,CHANGE 0
X51005719889.jpg,,TB011530,,04/01/2018,42.00,Change 0
X51005719893.jpg,,,,,,Change
X51005719895.jpg,,Inv,,,34.80,
X51005719896.jpg,,,14-01-2016,,2,500
X51005719898.jpg,,CUSHION,,,90,CHANGE RM 10
X51005719899.jpg,,1,,,53,CHANGE RM46
X51005719902.jpg,"TAMAN SRI BINTANG,",oice,,,4,
X51005719903.jpg,TAX INVOICE,INV,,,"8,50",Change 1
X51005719904.jpg,,,,,029,Change RM1 00
X51005719905.jpg,SAINT HEART PASTRY,CASH,SIMPLIFIED,26/03/2018,7.74,Receipt
X51005719906.jpg,,,,,105.00,Change
X51005719912.jpg,,41336,,,12.00,
X51005719914.jpg,,EPOXY,,,6,
X51005719917.jpg,,DOMINO,DOMINO,,60.60,Order
X51005722668.jpg,,CASH,SIMPLIFIED,01/02/2018,1,Doc No CS
X51005722699.jpg,A,,,,11,Item Count 2
X51005724552.jpg,,Bill,,21/03/2018,6890,fu Change
X51005724554.jpg,,Bill,,28/02/2018,4,Change
X51005724609.jpg,,,,,100.00,6
X51005724611.jpg,,OICE,,27/03/2078,8,Change
X51005724621.jpg,,Bill,,06/03/2078,2,Change
X51005724622.jpg,,Bill,,07/03/2018,86.00,Change
X51005724623.jpg,,Sucik,,,295.00,Change
X51005724624.jpg,,OICE,,16/03/2078,8,Change
X51005724625.jpg,,,,12/63/2018,8,Change
X51005724626.jpg,,Bill,,,255,Change
X51005724627.jpg,. R,Bill,,31/03/2078,060,q Change
X51005724628.jpg,,,,,10,Change
X51005724629.jpg,,_,,,165.00,Change
X51005741929.jpg,,1670327566,RECEIPT,16/01/2018,5.50,changa CASH 94
X51005741944.jpg,',BHPetro,18-01-2018,,41.95,Hershant Number 00000
X51005742068.jpg,PREPAY CHIT NUMBER,will,,24-03-2018,6.00,Thank You
X51005742110.jpg,YONG CEN ENTERPRISE,,RECEIPT,06/01/2018,24,CHANGE 0
X51005745183.jpg,BILLION SIX ENTERPRISE .,C,,22/02/2018,,0
X51005745187.jpg,.,GST,SIMPLIFIED,03/02/2018,120,Y
X51005745188.jpg,SLF CASH & CARRY,RECEIPT,,02/02/2018,4,NO
X51005745190.jpg,SUPER SEVEN CASH & CARRY SDN BHD,Customer,,,,D
X51005745213.jpg,MUR HENG ELECTRICAL &,Total,,,,
X51005745214.jpg,PY,18301/102/T0305,,,45.34,CHANGE RM 00
X51005745244.jpg,,,,,11.90,Change
X51005745249.jpg,,1/A-42210-,,,24.00,Total
X51005745296.jpg,,Table,,09-04-2018,26,GST Summary Amount
X51005745298.jpg,TAMAN BERKELEY,s,INVOICE,,3.99,CHANGE RN 6
X51005746140.jpg,YONG CEN ENTERPRISE,,RECEIPT,02/03/2018,26,CHANGE 0
X51005746203.jpg,TAX INVOICE,Customer,,,408.45,mt 590150
X51005746204.jpg,BENMED (SP) SDM. BHD.,,,,1,Cha
X51005746206.jpg,PANA JAYA ENTEAPAISE,INV,,21-03-2018,9928,GST Summary Amount
X51005746207.jpg,SUPER SEVEN CASH & CARRY SDN BHD,Customer,,,6,D
X51005746210.jpg,,S1Pt1,,,145.09,pt17920 Sek U9
X51005749895.jpg,,PILLAR,,,6,CHANGE RM 0
X51005749904.jpg,,,,,,
X51005749905.jpg,,CS00230322,,,6,Tel
X51005749912.jpg,,COPPER,,,38.80,CHANGE RM 11
X51005757199.jpg,CO. (M) SDN BHD,,,,4.00,CHANGE 6
X51005757201.jpg,"JUN JEJAKA, TAMAN MALURT",2019u223810062100090,SHOPPING,,88.97,Item Count 12 Charye Ant 11
X51005757220.jpg,"JLN JEJAKA, TAMAN MALURT",20180305,SHOPPING,,81.26,Item Count 19 Change Amt 18
X51005757233.jpg,RH,,,,,
X51005757235.jpg,.,20180309100800,SHOPPING,,31.00,Item Count 2 Change Anit 19
X51005757243.jpg,POPULAR BOOK,,,,5.75,CHANGE 44
X51005757248.jpg,"GRO FLA, AEN TAMAN MALURE SC",aice,SHOPPING,,42.46,Ttaw Count 4 Change Amt 756
X51005757273.jpg,.,PYEDRAIN,,,6,GST Summary Amt
X51005757282.jpg,TSH POWER HARDWARE,GST,,,0.50,Change
X51005757286.jpg,TRADING,GST,,10/10/2017,00,0
X51005757290.jpg,"KAWASAN PERINDUSTRIAN BALAKONG,",STUDENT,,,6,CHANGE RM 7
X51005757292.jpg,"KAWASAN PERINDUSTRIAN BALAKONG,",pp,,,6,CHANGE RM 42
X51005757294.jpg,"KAWASAN PERINDUSTRIAN BALAKONG,",CARBON,,,6,CHANGE RM &
X51005757304.jpg,"DAISO JAPAN, IOI MALL",20/03/2018,WELCOME,,35.40,CHANGE 14
X51005757308.jpg,,CLOTH,,,21.50,CHANGE RM 28
X51005757323.jpg,MR. D.I.Y. (M) SDN BHO,PILLAR,,,6,CHANGE RM 12
X51005757324.jpg,"KAWASAN PERINDUSTRIAN BALAKONG,",TRAC,,,6,CHANGE RM 0
X51005757342.jpg,"KAWASAN PERINDUSTRIAN BALAKONG,",MESH,,,6,CHANGE RM 93
X51005757346.jpg,MR. D.I.Y. (M) SDN BHD,DOUBLE,,,6,CHANGE RM 23
X51005757349(1).jpg,GOLDEN KEY MAKER,CS-0014134,,,5,Change
X51005757349(2).jpg,GOLDEN KEY MAKER,CS-0014134,,,5,Change
X51005757349.jpg,GOLDEN KEY MAKER,CS-0014134,,,5,Change
X51005757351(1).jpg,MR. D.T.Y. (M) SDN BHD,MULTIPURPOSE,,,6,CHANGE RM 5
X51005757351(2).jpg,MR. D.T.Y. (M) SDN BHD,MULTIPURPOSE,,,6,CHANGE RM 5
X51005757351.jpg,MR. D.T.Y. (M) SDN BHD,MULTIPURPOSE,,,6,CHANGE RM 5
X51005757353(1).jpg,,WHITE,,,6,CHANGE RM 37
X51005757353(2).jpg,,WHITE,,,6,CHANGE RM 37
X51005757353.jpg,,WHITE,,,6,CHANGE RM 37
X51005763940(1).jpg,,,,,0,Auth Code
X51005763940(2).jpg,,,,,0,Auth Code
X51005763940.jpg,,,,,0,Auth Code
X51005763958.jpg,PASARAYA EGRONG SUPER SEVEN,Customer,,,66,GST Summary Sales Amt
X51005763964.jpg,YONG CEN ENTERPRISE,,RECEIPT,06/01/2018,24,CHANGE 0
X51005763999.jpg,,62513,,,673.99,Pt17920 Sek U9
X51005764031.jpg,FASARAYA BURGNG SUPER SEVEN,Customer,,,6,D
X51005764154.jpg,,537422,,25-01-2018,1,GST Summary Amount
X51005764161.jpg,,s,INVOICE,,57,CHANGE RK alt
X51005806678.jpg,KAISON FURNISHING SDN BHD,,,,6,Change
X51005806679.jpg,LEE WAH EEORIS) T SON BHD,Doc,,92/02/2018,353.00,Change
X51005806685.jpg,ADVANCO COMPANY,CB,,,"21,00",
X51005806692.jpg,GREAT ZONE HOUSEHOLD CENTRE SDN BHD,GREAT,,18/02/2018,6,0
X51005806695.jpg,SAYANG YOU STATION SON BHD,Invoice,,28-Feb-2018,8,BALANCE
X51005806696.jpg,IMAGE FPRINTEC (M) SDN BHD,CB,,,2,Change
X51005806698.jpg,,CB,,,2,Change 9
X51005806702.jpg,SINNATHAMBY HOLDINGS,,,06/02/2018,,SINNATHAMBY HOLDINGS
X51005806703.jpg,"CAMERON HIGHLANDS,",,,06/02/2018,29,SINNATHAMBY HOLDINGS SON
X51005806716.jpg,ADVANCO COMPANY,CBH,,,7.00,Change 43
X51005806718.jpg,HUGO TRADING SDN BHD,19/01/2018,,,,
X51005806719.jpg,POSTED,S,,,69.42,Change
X51005806720.jpg,SATU KAMPUNG ENTERPRISE SUN BHD,Doc,,,18,Change
X51005889296.jpg,TKANO HANDEL SON BHD,,,,6,GST SR ok 22
X51006008057.jpg,,CB,,,1,
X51006008073.jpg,,,,12/01/2018,94.34,
X51006008074.jpg,,,,12/01/2018,4.24,CHANGE 0
X51006008081.jpg,PRINT EXPERT SDN BHD,,,,20,
X51006008082.jpg,,72,,25/03/2018,1156,
X51006008083.jpg,PRINT EXPERT SDN BHD,_,,26/03/2018,112.80,
X51006008086.jpg,POPULAR BOOK,,,,30,CHANGE 10
X51006008089.jpg,POPULAR BOOK,,,,40.99,Card Expiry
X51006008090.jpg,POPULAR BOOK,,,,6,Card Expiry
X51006008091.jpg,POPULAR BOOK,,,,9,Card EXPL 31
X51006008092.jpg,POPULAR BOOK,,,,30.86,o
X51006008093.jpg,POPULAR BOOK,,,,12.15,Card Expiry
X51006008095.jpg,,CS180319-0015,,,6,
X51006008105.jpg,"JUN JEJAKA, TAMAN MALURI",2018032151300023113,SHOPPING,,65.10,Item Count 12 Change Amt 5
X51006008166.jpg,,FLORISM,,14/01/2018,7,GST Summary Amount
X51006008197.jpg,,,,,15000,
X51006008206.jpg,,001-,,,,Change RM6
X51006248253.jpg,THANK YOU AND PLEASE COME AGAIN,,,29/03/2018,6,GST Summary Amount
X51006311714.jpg,,,,,,
X51006311758.jpg,TONYMOLY VIVA CITY,TERMINAL,,29/03/2018,46,App
X51006311764(1).jpg,TONYMOLY VIVA CITY,TERMINAL,,29/03/2018,,POINT EARNED
X51006311764.jpg,TONYMOLY VIVA CITY,TERMINAL,,29/03/2018,,POINT EARNED
X51006311767(1).jpg,TONYMOLY VIVA CITY,TERMINAL,,29/03/2018,46,
X51006311767.jpg,TONYMOLY VIVA CITY,TERMINAL,,29/03/2018,46,
X51006311778(1).jpg,,,,,,
X51006311778.jpg,,,,,,
X51006311779(1).jpg,YOU,,,,,
X51006311779.jpg,YOU,,,,,
X51006311780(1).jpg,"KAWNSAN PERINDUSTRION BALAKONG,",MAGNETIC,,,4,CHANGE RM 0
X51006311780.jpg,"KAWNSAN PERINDUSTRION BALAKONG,",MAGNETIC,,,4,CHANGE RM 0
X51006327953.jpg,MEL LET RESTAURANT,,,,65.00,CHANGE 31
X51006327960.jpg,"PUSAT BANDAR KELANA JAYA, FETALING",Inv,,,0,
X51006327976.jpg,,Invoice,F-G-01,08/02/2017,6,Change 005
X51006327978.jpg,TAX INVOICE,DESC,,,6,Change
X51006328345.jpg,". ,",Inv,,,,
X51006328913.jpg,BEMED (SP) SDN. BHD.,,,,445.00,CB
X51006328919.jpg,B & BEST RESTAURANT,OICE,,,7.40,CHANGE 0
X51006328920.jpg,ANGOR DARUL EHSAN,,,,14.00,CHANGE 0
X51006328937.jpg,,B/L,,31/03/2017,"12,19",CHANGE 38
X51006328967.jpg,TANJONGHAS BOOKCENTRE (PJ) SDN BHD,BILL,,,62.00,CARD NOs
X51006329183.jpg,,Check,,06-03-2018,6.50,CHANGE
X51006329388.jpg,BEMED (SP) SDN. BHD.,,,,445.00,CB
X51006329395(1).jpg,B & BEST RESTAURANT,OICE,,,7.40,CHANGE 0
X51006329395(2).jpg,B & BEST RESTAURANT,OICE,,,7.40,CHANGE 0
X51006329395.jpg,B & BEST RESTAURANT,OICE,,,7.40,CHANGE 0
X51006329399(1).jpg,,B/L,,31/03/2017,"12,19",CHANGE 38
X51006329399.jpg,,B/L,,31/03/2017,"12,19",CHANGE 38
X51006329402(1).jpg,,,,,,
X51006329402.jpg,,,,,,
X51006332575(1).jpg,TANJONGHAS BOOKCENTRE (PJ) SDN BHD,BILL,,,62.00,CARD NOs
X51006332575.jpg,TANJONGHAS BOOKCENTRE (PJ) SDN BHD,BILL,,,62.00,CARD NOs
X51006332641.jpg,,,,,18.00,
X51006332649(1).jpg,,,,,,
X51006332649.jpg,,,,,,
X51006334139.jpg,FIVE STAR CASH & CARRY,OICE,,,,Y
X51006334699(1).jpg,SELANGOR DARUL EHSAN.,oo,,,"12,61",d
X51006334699(2).jpg,SELANGOR DARUL EHSAN.,oo,,,"12,61",d
X51006334699.jpg,SELANGOR DARUL EHSAN.,oo,,,"12,61",d
X51006334741(1).jpg,RRR REAR KE AR RRR R TAHA RARE TEER REA ARR,2,,,7,d
X51006334741(2).jpg,RRR REAR KE AR RRR R TAHA RARE TEER REA ARR,2,,,7,d
X51006334741(3).jpg,RRR REAR KE AR RRR R TAHA RARE TEER REA ARR,2,,,7,d
X51006334741.jpg,RRR REAR KE AR RRR R TAHA RARE TEER REA ARR,2,,,7,d
X51006334742.jpg,WARM WATER,Table,,01-01-2917,158.08,
X51006334766.jpg,MEI LET RESTAURANT,TABLE,,,56.00,CHANGE 40
X51006334770.jpg,S&Y STATIONERY,CS-0004350,,,80,Change
X51006334819.jpg,,,,,450,
X51006334926(1).jpg,TAX INVOICE,MFY,,,2,Charige
X51006334926(2).jpg,TAX INVOICE,MFY,,,2,Charige
X51006334926(3).jpg,TAX INVOICE,MFY,,,2,Charige
X51006334926.jpg,TAX INVOICE,MFY,,,2,Charige
X51006334927.jpg,,OICE,,,"6,40",Change Nue RM 43
X51006335314(1).jpg,,TABLE,,,64.00,CHANGE 92
X51006335314(2).jpg,,TABLE,,,64.00,CHANGE 92
X51006335314(3).jpg,,TABLE,,,64.00,CHANGE 92
X51006335314.jpg,,TABLE,,,64.00,CHANGE 92
X51006335547(1).jpg,"PUSAT BANDAR KELANA JAYA, PETALING",Inv,,,4,
X51006335547(2).jpg,"PUSAT BANDAR KELANA JAYA, PETALING",Inv,,,4,
X51006335547(3).jpg,"PUSAT BANDAR KELANA JAYA, PETALING",Inv,,,4,
X51006335547.jpg,"PUSAT BANDAR KELANA JAYA, PETALING",Inv,,,4,
X51006335552.jpg,YONG SOGH FATT,,,,766.00,Change
X51006335818.jpg,SELANGOR DARUL EHSAN.,No,,,26.98,d
X51006349081.jpg,C W KHOO HARDWARE SDN BHD,Invoice,,26/04/2018,80.00,Change 0
X51006349083.jpg,SELANGOR,1541,,19/04/2016,43,
X51006349085.jpg,TAX INVOICE,PLATINUM,,22/04/2018,95550,Change 77
X51006349086.jpg,,No,,,,
X51006350737.jpg,C W KHOO HARDWARE SDN BHD,oice,,31/03/2018,13.80,Change 0
X51006350750.jpg,,,,,,
X51006350763.jpg,"OFF JALAB BUD,",Involoe,,,404.00,
X51006387660.jpg,TANTONGHAS BODKCENTRE (FT) SOM BHR,OICE,,,4.26,
X51006387737.jpg,CASH RECEIPT.,,,,1,CB
X51006387740.jpg,ARTRANGE STATIONERS & PRINT SDN BHD,Gas,,10/04/2017,14.53,Change
X51006387812.jpg,,,,,,Geb
X51006387813.jpg,,Table,,23-04-2017,1,
X51006387847.jpg,CASH RECEIPT,,,,635.00,CB
X51006387850.jpg,CP.,,,,102,REGEIFT
X51006387931.jpg,,OTCE,,,3.00,
X51006387932.jpg,,,,,,Change
X51006387950.jpg,,OTCE,,,1.00,
X51006387951.jpg,,No,,,3.00,
X51006387953.jpg,,No,,,1.00,
X51006387971.jpg,TAHAN BERKELEY,s,INVOICE,,42.33,ta Wow ow
X51006387973.jpg,IN,MFY,,,"47,15",Change 52
X51006388044.jpg,,7,,,,
X51006388064.jpg,,,,,191.22,
X51006388065.jpg,,,,,,
X51006388066.jpg,,oice,,,6,
X51006388068.jpg,,,,,,
X51006388069.jpg,,,,,,
X51006388081.jpg,,,,,,
X51006388082.jpg,,,,,,
X51006388089.jpg,,,,,4.00,CHANGE 0
X51006389865.jpg,,INV,,,6,GST Summary Amount
X51006389884.jpg,TAMAN BERKELEY,18224/102/T0496,INVOICE,,181.98,CHANGE RM
X51006389888.jpg,TAMAN BERKELEY,18203/102/T0466,INVOICE,,52.08,CHANGE RH
X51006389893.jpg,,s,,,250.00,
X51006389894.jpg,,23720275852,,,657,
X51006389898.jpg,RESTORAN WAN SHF,INV,,,6,GST Summary Amount
X51006389963.jpg,TAX INVOICE,DATE,,,235.85,0
X51006392122.jpg,,,,,,
X51006392167.jpg,,,,,23.80,CHANGE 27
X51006392273.jpg,,,,,,
X51006392299.jpg,D (SP) SDN. BHE,,,,1,
X51006392313.jpg,PAGARAYA BOROHS SUPER SEVEN,GICE,,,28,r
X51006393376.jpg,,,,,,
X51006393377.jpg,,O1,,,,
X51006401723.jpg,SRY STATIONERY,CS-0004323,,,7,Ghana
X51006401836.jpg,,,,,,
X51006401845.jpg,,_,,,1,
X51006401853.jpg,,NO,INVOICE,,"37,44",CHANGE RH 00
X51006401869.jpg,SELANGOR I.E.,,,,,
X51006401940.jpg,ARTRANGE STATIONERS & PRINT SDN BHD,CASH,,10/04/2017,14.53,Receipt
X51006401977.jpg,BY,OICE,,,,
X51006401978.jpg,,OICE,ROUNDING,,6,a
X51006414392.jpg,DI HUAN YA RESTAURANT,InvNo,,07/04/2018,1,Change Returned 20
X51006414394.jpg,HO,,,27/04/2018,13,Create Time
X51006414425.jpg,UNIHAKKA INTERNATIONAL SDN BHD,Invoice,,,100100000031,CASH
X51006414427.jpg,UNIHAKKA INTERNATIONAL SDN BHD,Invoice,,,100100000035,CASH
X51006414429.jpg,UNIHAKKA INTERNATIONAL SDN BHD,Invoice,,,100100000035,CASH
X51006414431.jpg,UNIHAKKA INTERNATIONAL SDN BHD,Invoice,,,100100000035,CASH
X51006414433.jpg,UNIHAKKA INTERNATIONAL SDN BHD,Invoice,,,100100000035,CASH
X51006414470.jpg,UNIHAKKA INTERNATIONAL SDN BHD,Invoice,,,100100000060,CASH
X51006414483.jpg,F,Invoice,,,100100000035,CASH
X51006414485.jpg,UNIHAKKA INTERNATIONAL SDN BHD,Invoice,,,100100000035,CASH
X51006414512.jpg,PREPAY CHIT NUMBER,will,,03-04-2018,50.00,Thank You For Shopping At BHPetromart
X51006414519.jpg,HASHA PETROKIOSE,,,,50.00,Relief GST C RM 0
X51006414532.jpg,SIMPLIFIED TAX INVOICE,I,SIMPLIFIED,,84.05,CHANGE RM 2
X51006414533.jpg,PREPAY CHIT NUMBER,will,,10-04-2016,50.00,Thank You For Shopping At BHRetromart
X51006414592.jpg,UNIHAKKA INTERNATIONAL SDN BHD,Invoice,,,100100000035,CASH
X51006414593.jpg,UNIHAKKA INTERNATIONAL SDN BHD,Invoice,,,100100000025,CASH
X51006414599.jpg,L,pestis,,,12.30,CHANGE
X51006414600.jpg,"JLN JEJARA, TANAN MALURI",70160414401901,,,50.92,
X51006414631.jpg,UNIHAKKA INTERNATIONAL SDN BHD,Invoice,,,100100000031,CASH
X51006414632.jpg,UNIHAKKA INTERNATIONAL SDN BHD,Invoice,,,100100000001,CASH
X51006414633.jpg,.,Invoice,,,100100000035,CASH
X51006414636.jpg,,,,,,
X51006414638.jpg,PASAR MINI JIN SENG,003-1565455,,,44,CASH CHANGE 55
X51006414671.jpg,UNIHAKKA INTERNATIONAL SDN BHD,Invoice,,,100100000030,CASH
X51006414674.jpg,TAX INVOICE,DOMINO,DOMINO,,25.60,
X51006414675.jpg,TAX INVOICE,DOMINO,DOMINO,,21.60,Order
X51006414677.jpg,THE COFFEE BEAN,08/04/2018,,,2,CHANGE OO
X51006414679.jpg,,,,14/04/2018,1,
X51006414680.jpg,"SRO FLR, AEQN TAMAN MALURT SC",2018041810090010447,SHOPPING,,1,Item Count 4 Change Amt 0
X51006414700.jpg,"JLN JEJAKA, TAMAN MALURI",2018042210100260452,SHOPPING,,10.20,Item Count 3 Change Amt 0
X51006414702.jpg,X,,,23-04-2018,4.30,Receipt
X51006414703.jpg,"JLN JEJAKA, TAMAN MALURT",201804221010008056/,SHOPPING,,"98,37",Itam Count 6 Change Amt 1
X51006414708.jpg,RESTORAN HWA MUI SUTERA SDN BHD,_,,29/04/2018,6,Change Returned 10
X51006414711.jpg,TAX IHVOICE,,DOMINO,,45.70,
X51006414712.jpg,TAX INVOICE,DOMINO,DOMINO,,57.00,Order 7 8557 BY
X51006414713.jpg,,OICE,,,81.80,Cash Change 3
X51006414714.jpg,BANDAR BARU PERMAS,PS8418042783,,,4,
X51006414715.jpg,AOGMS,P117650,,,41.81,ROUNDING RM
X51006414717.jpg,"SRD FLR, AEON TAMAN MALURI SC",2018041210090010473,SHOPPING,,24.11,Item Count 6 Change Amt 1
X51006414718.jpg,"JLN JEJAKA, TAMAN MALURI",Ku,,,4,Item Count Change Amt ha 45
X51006414719.jpg,FOULING,2018041210090260073,SHOPPING,,4.40,0
X51006414720.jpg,PASARAYA JALAL SDN BHD,OICE,,20/04/2018,6.40,Change
X51006414721.jpg,AY L,DOMINO,DOMINO,,15.60,Order
X51006414728.jpg,,,,,"13,00",eo gummy
X51006414733.jpg,"JEN JEJAKA, TAMAN MALURI",2018040110100050063,SHOPPING,,37,item Count 16 Change Amt 17
X51006438346.jpg,HIGH FIVE ENTERPRISE,03-61363779,,,,Rounding RM 0
X51006441473.jpg,,14072,,,36.37,6
X51006441474.jpg,,BTBO9201805190274,,,6,
X51006466055.jpg,,,,,,
X51006466056.jpg,,ri45S1,,,1.25,
X51006466060.jpg,EASTERN,REG,,,1,
X51006466062.jpg,TAX INVOG TL CE.,OG,,,00,TAX INVOICE OF GST
X51006466065.jpg,GHEE HIANG,Invoice,,13/04/2018,2,
X51006466066.jpg,SUSHI MENTAT PLAZA DANAU,7,,21-04-2018,2,
X51006466070.jpg,WESTERN EASFERN,REG,,,42,TAX INVOICE OF GST
X51006466778.jpg,THANK YOU PLEASE COME AGAIN,223894,,,,TAX INVOICE NO 223894
X51006502529.jpg,POS,roasts,,,3.70,Hi
X51006502531.jpg,TAX INVOICE,16/04/2018,,,18,CHANGE 31
X51006502533.jpg,CITY MILK,Order,,19-04-2018,1,CHANGE
X51006502534.jpg,TAX INVOICE,10/04/2018,,,6.00,CHANGE v
X51006502535.jpg,TAX INVOICE,16/04/2018,,,,CHANGE 0
X51006502540.jpg,TAX INVOICE,MFY,,,44,Change 49
X51006554833.jpg,AA FPHARMACT,,,,27.27,CHANGE o
X51006554841.jpg,,OICE,,,6,i RMS
X51006555072.jpg,DIGI TELECONALMCATIONS SDN BHD,GST,,,234.40,Credit Card No
X51006555125.jpg,TAX INVOICE,KHIAM,,,6,CHANGE 21
X51006555570.jpg,,464A,,11/08/2017,7,ECEIPT
X51006555780.jpg,HARASSAR FRESH MARKET SDN BHO,/,,21/07/2017,6,1
X51006555784.jpg,,/,,30/63/2017,39.40,VEOS14 Date
X51006555806.jpg,HAKASSAR FRESH MARKET SDN BHO,/,,30/07/2017,0,VEOS14 Date
X51006555814.jpg,,/,,27/07/2017,2,Vos i4 Date
X51006555817.jpg,,/,,25/07/2017,"9,57",VE05 14 Date
X51006555818.jpg,,/,,24/07/2017,3.72,vio4 Date
X51006555819.jpg,,7723F712,,23/07/2017,0,VbOSt4 Date
X51006555833.jpg,-,/,,31/08/2017,12.60,VROS14 Date
X51006555835.jpg,,7829F7,,29/08/2017,0,VEOS 14 Date
X51006556591.jpg,HAKASSAR FRESH MARKET SDN BHD,/,,25/08/2017,0,VEOS14 Date
X51006556596.jpg,,/,,28/08/7017,6,
X51006556603.jpg,,/,,,0,VE0s14 Bate
X51006556604.jpg,,/,,24/08/2017,22.99,ViOs14 Date
X51006556610.jpg,PINGHWAI TRADING SDN BHD,Bill,,22/08/2017,27.00,Change
X51006556646.jpg,ACCOUNT'S COPY,/,,21/08/2017,35.14,VEOS14 Date
X51006556648.jpg,,/,,26/08/2017,0,VEOS 14 Date
X51006556650.jpg,MAKASSAR FRESH MARKET SON BHD,/,,19/08/2017,0,VEO0514 Date
X51006556654.jpg,,/,,18/08/2617,16,VEOSI4 Date
X51006556656.jpg,,/,,17/08/2017,9.36,VES 14 Date
X51006556657.jpg,,/,,,44.05,VEO514 Date
X51006556658.jpg,MAKASSAR FRESH MARKET SON BHO,/,,15/08/2017,16.87,Vkosi4 Date
X51006556723.jpg,,/,,,6,VEOS14 Date
X51006556726.jpg,,/,,06/08/2017,54.31,VEOS14 Date
X51006556728.jpg,,/,,07/28/2017,39.40,VES 14 Date
X51006556730.jpg,,,,,,Change
X51006556732.jpg,,/,,,11.68,VEOS14 Gate
X51006556734.jpg,MAKASSAR FRESH MARKET SON BHD,/,,04/08/2017,6.78,VEOS 14 Date
X51006556738.jpg,OO,/,,03/08/2017,9,VEOS14 Date
X51006556740.jpg,,/,,,17.05,VEOSL4 Date
X51006556806.jpg,,/,,23/09/2017,10.65,VEOSi4 Date
X51006556808.jpg,,/,,22/09/2017,0.72,VE Date
X51006556809.jpg,,/,,21/09/2017,6,VER Date
X51006556810.jpg,,/,,20/09/2017,0,VEOS 14 Date
X51006556812.jpg,,/,,14/09/2017,0,View ay Date
X51006556815.jpg,,/,,65/09/2617,"23,63",VEOS14 Date
X51006556818.jpg,,/,,,0.72,Vi05 14 Date
X51006556821.jpg,,/,,02/69/2017,37.89,VEOS14 Date
X51006556823.jpg,,/,,30/09/2017,0,VEOS 14 Date
X51006556824.jpg,,/,,29/09/2017,12.98,VEOS14 Date
X51006556825.jpg,,/,,28/09/2017,0,VEO0S14 Date
X51006556826.jpg,HAKASSAR FRESH MARKET SDN BHO,/,,27/89/2017,23.64,VROS14 Date
X51006556827.jpg,,/,,26/09/2017,18.34,VE0514 Date
X51006556828.jpg,EE,/,,25/29/2017,8,VN Date
X51006556829.jpg,MAKASSAR FRESH MARKET SDN BHD,/,,24/69/2617,42.37,VEOS 14 Date
X51006556830.jpg,,Doc,,23/09/2017,65.00,Change
X51006556831.jpg,PINGHWAI TRADING SDN BHD,Doc,,30/09/2017,39.00,
X51006556838.jpg,,/,,19/02/2017,72,vi U Date
X51006556839.jpg,MAKASSAR FRESH MARKET SON BHD,/,,18/09/2017,9.02,Virvo it Date
X51006556840.jpg,,/,,17/89/2011,6,V E05 14 Date 17
X51006556841.jpg,HAKASSAR FRESH MARKET SON BHD,/,,16/09/2017,0,VEOSI4 Date
X51006556851.jpg,HAKASSAR FRESH MARKET SON BHD,/,,12/09/2017,3.72,Vos 14 Date
X51006556852.jpg,,/,,11/09/2017,2.27,
X51006556861.jpg,HAKASSAR FRESH MARKET SON BHO,/,,,72,VROSt4 Bate
X51006556865.jpg,,/,,,6,Vis id Date 06
X51006557115.jpg,,/,,02/10/2017,13.83,vi
X51006557117.jpg,,/,,30/10/2017,26.61,vi
X51006557119.jpg,,/,,20/16/2017,6.39,VEOS5 14 Date
X51006557161.jpg,,/,,24/16/2617,26.61,VEOS 14 Date
X51006557164.jpg,,/,,18/10/2017,0,Vowuoi4 Date
X51006557168.jpg,,/,,,16.60,VRO514 Date
X51006557169.jpg,,/,,61/09/2017,11,VEOSI4 Date
X51006557170.jpg,,/,,29/10/2017,44.76,Vi b Date
X51006557173.jpg,HAKASSAR FRESH MARKET SDN BHD,/,,28/10/2017,22.34,V EOS 14 Date
X51006557178.jpg,,/,,25/10/2017,26.61,VEOSI4 Date
X51006557179.jpg,,/,,22/10/2017,0,VES 14 Date
X51006557184.jpg,,/,,19/10/2017,50.82,VE05 14 Date
X51006557185.jpg,,OTCE,,17/10/2017,2,VES 14 Date
X51006557187.jpg,HAKASSAR FRESH MARKET SDN BHO,/,,16/10/2017,25.96,Vi Date
X51006557188.jpg,,/,,15/10/2017,0,VEOS 14 Date
X51006557193.jpg,,/,,14/10/2017,18.54,VES 14 Date
X51006557194.jpg,,/,,13/16/2017,10.47,VE Date
X51006557195.jpg,HAKASSAR FRESH MARKET SON BHD,/,,12/10/2017,0,Vivo 14 Date
X51006557196.jpg,,/,,11/10/2017,13.36,vi 4 Date
X51006557198.jpg,,/,,10/10/2017,6,Date
X51006557199.jpg,,/,,09/10/2017,17.89,Date
X51006557202.jpg,,/,,,6,VEG Date
X51006557208.jpg,,/,,,0,VEOS14 bate
X51006557209.jpg,,/,,06/10/2017,33.84,VE0S14 Date
X51006557210.jpg,,/,,05/10/2017,23.44,VEvow Date
X51006557213.jpg,,/,,01/10/2017,0,V EOS 14 Date
X51006557507.jpg,,OI,,,25.96,
X51006557508.jpg,HAKASSAR FRESH MARKET SDN BHD,/,,26/10/2017,0,v
X51006619328.jpg,,,,,,
X51006619338.jpg,,WO,INVOICE,,262.20,CHANGE RM 66
X51006619341.jpg,,MULTI,,,4,CHANGE RM 11
X51006619342.jpg,"KAWASAN PERINDUSTRIAN BALAKONG,",,,,4,GST
X51006619343.jpg,,,,,4,CHANGE RM 0
X51006619345.jpg,,,,,2,GST SUMMARY
X51006619346.jpg,,,,,,
X51006619496.jpg,TAMAN BERKELEY,s,INVOICE,,6,CHANGE RH 00
X51006619503.jpg,,,,,,Ttom Qty Price Amount
X51006619506.jpg,,,,,,
X51006619507.jpg,,INV,,,4.70,Change 0
X51006619509.jpg,,,,,15,YOUR CHANGE RM4
X51006619545.jpg,,OICE,,,5,
X51006619550.jpg,,,,,,
X51006619561.jpg,GREEN LANE PHARMACY SON BHD,Inv,,,180.10,
X51006619563.jpg,,17858/102/T0308,INVOICE,,6,CHANGE RN
X51006619564.jpg,,,,,,
X51006619566.jpg,,17872/102/70476,INVOICE,,15.90,CHANGE RM 35
X51006619567.jpg,,,,,,Ttom Oty Price Amount
X51006619569.jpg,,POT,,,4,CHANGE RM 4
X51006619694.jpg,,94542,,,2.56,ROUNDING ADJUSTMENTS 0
X51006619696.jpg,,,,,,
X51006619697.jpg,,039170,,,6,YOUR CHANGE RM3
X51006619698.jpg,"KAWASAN PERINDUSTRIAN BALAKONG,",BASKET,,,46,GST
X51006619700.jpg,,,,,,
X51006619703.jpg,,,,,,
X51006619704.jpg,,,,,,
X51006619709.jpg,,TISSUE,,,4,CHANGE Ri
X51006619757.jpg,,WO,INVOICE,,71.40,CHANGE RM
X51006619758.jpg,"JALAN KAPAR, MUKIM KAPAR",17556/103/TO0S02,INVOICE,,13.58,CHANGE RM 40
X51006619760.jpg,KEDAI UBAT & RUNCIT HONG,,,,,Tem Qty
X51006619764.jpg,,,,,,
X51006619765.jpg,,CUSHION,,08-01-2016,4,CHANGE RH 35
X51006619766.jpg,,PLACEMAT,,,4,CHANGE RM 1
X51006619772.jpg,,MFY,,,2,Change 71
X51006619777.jpg,"JALAN KAPAR, MUKIM KAPAR",s,INVOICE,,27.28,CHANGE RM 00
X51006619779.jpg,,001,,,95,Change RM2
X51006619780.jpg,,,,,35,Change RM2
X51006619782.jpg,,,,,,
X51006619783.jpg,,OICE,,,43,PASH CHANGE
X51006619784.jpg,,,,,,
X51006619785.jpg,,OICE,,,1,
X51006619790.jpg,"TAMAN SRI SEGAMBUT,",48333,,,14.50,ChangesRH 1
X51006619842.jpg,,,,,,
X51006619854.jpg,,WO,INVOICE,,,3
X51006619862.jpg,,,,,,
X51006619863.jpg,,s,INVOICE,,5,
X51006619869.jpg,RA KKKKKRKK TAX INVOICE MAKRARE RRS,MAKRARE,,,,CHANGE 27
X51006620161.jpg,,SIN,,28/02/2016,103,RECEIPT Ws CS00052997 DATE
X51006620175.jpg,,WASH,,,,CHANGE RM 23
X51006620176.jpg,MR. D.T.Y. (KUCHAT) SDN BHD,STORAGE,,,4,CHANGE RM 2
X51006620181.jpg,,,,,,002
X51006620182.jpg,,,,,,
X51006620186.jpg,,BISCUIT,,,4,CHANGE RM 32
X51006620187.jpg,,,,,,
X51006620189.jpg,,17664/103/T0027,,,177.22,CHANGE RM
X51006620190.jpg,,TISSUE,22-05-16,,1,CHANGE RM 30
X51006620191.jpg,,,,,"89,00",Cash 11
X51006620192.jpg,THANK YOU,HAKKAR,,,80,CHANGE 1
X51006620414.jpg,,Date,,20/10/2016,9.20,
X51006620437.jpg,,s,INVOICE,,14.20,CHANGE RM 80
X51006647932.jpg,UROKO JAPANESE CUISINE SDN BHD,,,14/05/2018,74.68,
X51006647933.jpg,. RESTORAN HOETIN,OICE,,28/05/2018,78,CHANGE RM17
X51006647984.jpg,XKTAX INVOICE,Kechara,,,55,Change
X51006679216.jpg,FACE TO FACE NOODLE HOUSE,443181,,21/05/2018,3,
X51006679222.jpg,OL,Invoice,,24-05-2018,6,Change 10
X51006713996.jpg,"THANK YOU, PLEASE COME AGAIN.",,,,142.00,Change 10
X51006714065.jpg,ANN GIAP TRADING SDN BHD,Name,,,6,L 3
X51006714066.jpg,ANN GIAP TRADING SDN BHD,OICE,,30-09-2017,,
X51006733494.jpg,,,,,,
X51006733495.jpg,,s,INVOICE,,14.20,CHANGE RM
X51006828199.jpg,,DATE,,12/10/2017,1,
X51006828200.jpg,,OICE,,,0,
X51006828201.jpg,,15/12/2017,,,39.70,CHANGE Oo
X51006828217.jpg,,,,,,
X51006856981.jpg,,s,,,13.78,ROUNDING ADJUSTMENTS 0
X51006856982.jpg,,18742,121066051,,108.21,ROUNDING ADJUSTMENTS Q
X51006857071.jpg,,Invoice,,45/07/2017,148.00,ty 148
X51006857126.jpg,SKL DAMANSARA ENTERPRISE,BillNo,,,,Item Qty Price Amount
X51006857132.jpg,,,,,23.80,Item Count 5 Change Amt 27
X51006857137.jpg,TAMAN BERKELEY,for,,,57,CHANGE RH 48
X51006857265.jpg,,008558,,,31.47,CHANGE 18
X51006857540.jpg,,0019894,,13-11-2017,270.10,Change 30
X51006857660.jpg,,0017756,,,6,
X51006867435.jpg,,,,,,
X51006867436.jpg,,,,,,
X51006882603.jpg,TAX INVOICE,Eco-Shop,,,716.38,Change
X51006912959.jpg,TAX INVOICE,Invoice,,09/05/2018,10.90,CHANGE O
X51006912960.jpg,,NO,,17/06/2018,2,
X51006912972.jpg,UNIHAKKA INTERNATIONAL SDN BHD,Invoice,,,100100000006,CASH
X51006912974.jpg,ADE BS,invoice,,,1001000001,CASH
X51006912976.jpg,.,a,,,12,
X51006912998.jpg,PREPAY CHIT NUMBER,will,,08-05-2018,"50,00",Thank You For Shopping At BHPetromart
X51006913007.jpg,AST.,2018052710100070177,,,"99,90",Item Count 7 Change Amt 0
X51006913018.jpg,"JLN JEJAKA, TAMAN MALURI",2018051110133130178,SHOPPING,,458,5
X51006913019.jpg,,,,,,
X51006913023.jpg,UNIHAKKA INTERNATIONAL SDN BHD,Invoice,,,100100000060,CASH
X51006913024.jpg,UNIHAKKA INTERNATIONAL SDN BHD,Invoice,,,100100000035,ee
X51006913028.jpg,UNIHAKKA INTERNATIONAL SDN BHD,invoice,,,100100000035,CASH
X51006913030.jpg,UNIHAKKA INTERNATIONAL SDN BHD,Invoice,,,100100000060,CASH
X51006913031.jpg,TAX INVOICE,Invoice,,,100100000061,CASH
X51006913032.jpg,,Invoice,,,100100000053,CASH
X51006913051.jpg,BANDAR BARU PERMAS,5eadig0saea5,,,4,
X51006913054.jpg,DE LUXE CIRCLE FRESH MART SDN BHD,,,,6,CHANGE 38
X51006913055.jpg,VERBENA CONFECTIUNERY SDN BHD,,,,100.00,CHANGE 24
X51006913059.jpg,UNIHAKKA INTERNATIONAL SDN BHD,Invoice,,,100100000035,CASH
X51006913060.jpg,UNIHAKKA INTERNATIONAL SDN BHD,OICE,,,100100000060,Change
X51006913061.jpg,UNIHAKKA INTERNATIONAL SDN BHD,Invoice,,,100100000031,CASH
X51006913067.jpg,UNIHAKKA INTERNATIONAL SDN BHD,Invoice,,,100100000060,CASH
X51006913068.jpg,H,,,,1,Chance 1
X51006913070.jpg,,Invoice,,,100100000025,CASH
X51006913073.jpg,UNIHAKKA INTERNATIONAL SDN BHD,Invoice,,,100100000053,CASH
X51006913074.jpg,TAX INVOICE,DOMINO,DOMINO,,15.60,Order
X51007103578.jpg,,ACRYLIC,,,6,D
X51007103597.jpg,,CS-0014464,,,2,Change
X51007103599.jpg,,OPENER,,,6,CHANGE RM 1
X51007103610.jpg,"KAWASAN PERTNDUSTRIAN BALAKONG,",MEN,,,6,GST
X51007103639.jpg,"KAWASAN PERINDUSTRIAN BALAKONG,",CAULKING,,,6,ast
X51007103641.jpg,"KAWASAN PERINDUSTRIAN BALAKONG,",DOUBLE,,,6,CHANGE RM 65
X51007103643.jpg,"KAWASAN PERINDUSTRIAN BALAKONG,",DOUBLE,,,6,CHANGE RM 65
X51007103649.jpg,,JH51/3-63,,,6,CHANGE RM 51
X51007103668.jpg,(IOI PUCHONG),COTTON,,,6,GST
X51007103675.jpg,"KAWASAN PERINDUSTRIAN BALAKONG,",RUBBER,,,6,CHANGE RM 2
X51007103681(1).jpg,,BRUSH,,,6,GST
X51007103681.jpg,,BRUSH,,,6,GST
X51007103687.jpg,,PD,,,6,CHANGE RM 0
X51007103688.jpg,,SEKOPLAS,,,38.00,0
X51007103691.jpg,AEON CO.,2018042810080010525,,,4,Item Count 4 Change Amt
X51007103692(1).jpg,"KAHASAN PERINDUSTRIAN BALAKONG,",ALUMINIUM,,,6,CHANGE RM 47
X51007103692.jpg,"KAHASAN PERINDUSTRIAN BALAKONG,",ALUMINIUM,,,6,CHANGE RM 47
X51007103702.jpg,"KAWASAN PERINDUSTRIAN BALAKONG,",LAVA,,,6,CHANGE RM 45
X51007135037.jpg,SRY STATIONERY,CS-0004323,,,7,Ghana
X51007135247.jpg,,NO,INVOICE,,"37,44",CHANGE RH 00
X51007225398.jpg,,No,,,6,Tel
X51007225399.jpg,,CS00233521,,,6,Tel
X51007225406.jpg,,CB,,,2,Change i
X51007225417.jpg,,_____,,,6,Tel
X51007225442(1).jpg,,-,,,6,CHANGE RM 27
X51007225442.jpg,,-,,,6,CHANGE RM 27
X51007228448(1).jpg,KFA SUPPLY,BillNo,,27/05/2018,11.60,Change
X51007228448.jpg,KFA SUPPLY,BillNo,,27/05/2018,11.60,Change
X51007231274.jpg,,Invoice,,,100100000060,Change
X51007231275.jpg,AOSD,Invoice,,,100100000061,CASH
X51007231276.jpg,UNIHAKKA INTERNATIONAL SDN BHD,Invoice,,,100100000006,CASH
X51007231331.jpg,UNIHAKKA INTERNATIONAL SDN BHD,Invaice,,,100100000056,CASH
X51007231336(1).jpg,UNIHAKKA INTERNATIONAL SDN BHD,Invoice,,,100100000037,CASH
X51007231336.jpg,UNIHAKKA INTERNATIONAL SDN BHD,Invoice,,,100100000037,CASH
X51007231338.jpg,LATS,Order,,11/08/2018,8.90,CHANGE 0
X51007231341.jpg,UNIHAKKA INTERNATIONAL SDN BHD,Invoice,,,100100000035,CASH
X51007231343.jpg,UNIHAKKA INTERNATIONAL SDN BHD,Invoice,,,100100000061,CASH
X51007231344.jpg,UNIHAKKA INTERNATIONAL SDN BHD,Invoice,,,100100000035,CASH
X51007231346.jpg,,,,,60,Relief GST C RM 0
X51007231361.jpg,SIZZLING STONEGRILL,i,,26/05/2018,2,
X51007231364.jpg,TAX INVOICE,HFY,,,1,
X51007231365.jpg,OLD TOWN WHITE COFFE,,,,24.43,Change Due
X51007231370.jpg,THE MARCO POLO KITCH,TABLE,,,12.99,
X51007231372.jpg,,Invoice,,,3,
X51007231374.jpg,WARAKUYA PERMAS CITY SDN BHD,NO,,,1,Change RM
X51007262315.jpg,,MFY,,,14.95,
X51007262328.jpg,"BANDAR BARU UTAMA,",OICE,SIMPLIFIED,20/05/2018,23.58,r
X51007262330.jpg,SWC ENTERPRISE SDN BHD,0051606219001118,,,8,Change 470
X51007339094.jpg,SANYO STATIONERY SHOP,Owned,,22/05/2017,6,1
X51007339095.jpg,,SANYU,,05/09/2017,6,R
X51007339097.jpg,SANYO STATIONERY SHOP,SANYU,,,,Total
X51007339098.jpg,SANYO STATIONERY SHOP,CASH,,,6,1
X51007339100.jpg,SANYU STATIONERY SHOP,CASH,,,6,5 FILM Ad SIZE
X51007339105.jpg,SANYO STATIONERY SHOP,CASH,,05/04/2017,1.70,1
X51007339106.jpg,,Owned,,07/05/2017,5,i 4e7002
X51007339107.jpg,SANYO STATIONERY SHOP,SANYU,,,6,ANT ORDER CHIT NCR
X51007339109.jpg,SANYU STATIONERY SHOP,Ov,,,6,Si 2017
X51007339110.jpg,,Owned,,05/07/2017,6,PETS 2011 0025 ed MAXSTAPLE10
X51007339111.jpg,- SANYO STATIONERY SHOP,Owned,,12/08/2017,300,Discount 0
X51007339112.jpg,,CASH,,,6,Total Sales Inclusive GST
X51007339113(1).jpg,CASH SALES COUNTER,Owned,,24/07/2017,0098805,Discount
X51007339113.jpg,CASH SALES COUNTER,Owned,,24/07/2017,0098805,Discount
X51007339114(1).jpg,,SANYU,,14/12/2017,6,R
X51007339114.jpg,,SANYU,,14/12/2017,6,R
X51007339115.jpg,,Owned,,31/10/2017,6,R
X51007339116.jpg,,med,,28/10/2017,6,R
X51007339117(1).jpg,,CASH,,,6,LECT
X51007339117.jpg,,CASH,,,6,LECT
X51007339118(1).jpg,SANYO STATIONERY SHOP,CASH,,,6,1
X51007339118.jpg,SANYO STATIONERY SHOP,CASH,,,6,1
X51007339119.jpg,SANYO STATIONERY SHOP,med,,17/11/2017,6,R
X51007339120.jpg,SANYO STATIONERY SHOP,med,,18/11/2017,6,R
X51007339121.jpg,SANYO STATIONERY SHOP,wned,,12/09/2017,7,R
X51007339122.jpg,TAX INVOICE,CASH,,14/10/2017,6,R
X51007339125.jpg,SANYO STATIONERY SHOP,SANYU,,,1,oe RESTAURANT ORDES
X51007339126.jpg,SANYO STATIONERY SHOP,CASH,,,15.00,Total
X51007339127.jpg,SANYO STATIONERY SHOP,CASH,,,5.00,SIMILI PAPER A4
X51007339130.jpg,SANYO STATIONERY SHOP,Owned,,20/10/2017,6,AS ENS owen teenie ey Solon Cae cau See
X51007339131.jpg,SANYO ST. -ATIONERY SHOP,Owned,,,6,TLINE
X51007339132.jpg,,Owned,,,6,R
X51007339133.jpg,SANYO STATIONERY SHOP,SANYU,,,6,20120029 4
X51007339134.jpg,SANYO STATIONERY SHOP,nwned,,,6.00,Discount 0
X51007339135.jpg,SANYO STATIONERY SHOP,SANYU,,,6,1
X51007339136.jpg,,Owned,,28/12/2017,6,R
X51007339139.jpg,SANYO STATIONERY SHOP,Owned,,,6,Total Sales Inclusive GST
X51007339146.jpg,,SANYU,,,6,R
X51007339150.jpg,,wned,,,6,R
X51007339151.jpg,SANYU STATIONERY SHOP,CASH,,15/07/2017,6,RESTAURANT ORDER CHIT NCR
X51007339152.jpg,,CASHSALESCOUNTER,,,50.00,Goods sold are not Returnable & Refundable
X51007339156.jpg,SANYU STATIONERY SHOP,SANYU,,08/07/2017,6,V
X51007339157.jpg,SANYO STATIONERY SHOP,Owned,,19/07/2017,6,R
X51007339158.jpg,CASH SALES COUNTER,Owned,,19/07/2017,6,1
X51007339159.jpg,,Owned,,16/12/2017,6,Total Sales Inclusive GST
X51007339160.jpg,,Owned,,21/12/2017,6,R
X51007339161.jpg,,CASH,,29/11/2017,6,1
X51007339162.jpg,SANYU STATIONERY SHOP,med,,02/12/2017,6,R
X51007339163.jpg,SANYO STATIONERY SHOP,med,,,6,PHOTOCOPY NRIC
X51007339164.jpg,SANYO STATIONERY SHOP,Owned,,26/11/2017,9.30,Ssilsz012
X51007339165.jpg,SANYO STATIONERY SHOP,wned,,29/11/2017,50.00,R
X51007339166.jpg,SANYU STATIONERY SHOP,Owned,,04/12/2017,6,Total Sales Inclusive GST
X51007339167(1).jpg,SANYO STATIONERY SHOP,SANYU,,11/12/2017,6,R
X51007339167.jpg,SANYO STATIONERY SHOP,SANYU,,11/12/2017,6,R
X51007339638.jpg,,,,,,
X51007339639.jpg,,,,,,
X51007339642.jpg,,,,,1,
X51007339643.jpg,,,,30/03/2017,6.00,CHANGE 24
X51007339647(1).jpg,,OIEE,,,1,CHANGE 0
X51007339647.jpg,,OIEE,,,1,CHANGE 0
X51007339648.jpg,,,,,40.00,CHANGE o
X51007339650.jpg,AIK HUAT HARDWARE,CAS,SLRPLIFIED,13/12/2017,2,
X51007339651.jpg,,,,,,
X51007339653.jpg,,OICE,SIMPLIFIED,15/09/2017,681,CHANGE
X51007339656.jpg,.,,SUPLTFIES,10/05/2017,16.00,CHANGE Oo
X51007339657.jpg,,,,,3,
X51007339658.jpg,,,,,57,CHANGE 2
X51007391372.jpg,SELANGOR,,RECEIPT,,"49,06",CHANGE 06
X51007391390.jpg,,,,31/05/2018,2.99,GST Summary
X51007419197.jpg,PUSAT DAGANGAN PHILEO DAMANSARA,,,,6.00,CHANGE DUE 44
X51007433809.jpg,SL,oice,,,2,Tax Invoice
X51007579714.jpg,NASI KANDAR PELITA,INVOICE,,,61.70,Chan RM 0
X51007579719.jpg,SOUP & PORRIDGE,Table,,05-06-2018,1,CHANGE
X51007579725.jpg,THONG RECIPE,OrderNo,,,55.90,27
X51007579726.jpg,,RAPID,,18/06/2018,,Cash RM 30
X51007843145.jpg,TAM INVOICE,BHPetro,30-06-2018,,"50,00",Prepay Deposit RM 50
X51007846266.jpg,UNIHAKKA INTERNATIONAL SDN BHD,Invoice,,,100100000061,ee TIGL
X51007846268.jpg,UNIHAKKA INTERNATIONAL SDN BHD,Invoice,,,100100000053,CASH RM10
X51007846269.jpg,UNIHAKKA INTERNATIONAL SDN BHD,Invoice,,,100100000006,CASH RM7
X51007846270.jpg,TAKE AWAY,sp-riuy,,04/06/2018,21.83,Member Number
X51007846282.jpg,,SP-nu,,,16.21,Member Number
X51007846283.jpg,"SRB FLR, AEQN TAMAN MALURI SC",aice,,,15,Item Count 15 Change Amt
X51007846286.jpg,UNIHAKKA INTERNATIONAL SDN BHD,Invoice,,,100100000035,CASH RM7
X51007846288.jpg,UNIHAKKA INTERNATIONAL SDN BRD,Invoice,,,100100000035,CASH RM7
X51007846289.jpg,TAKE AWAY,SP-nul1-18/06/07-1017888,,07/06/2018,0,Member Number
X51007846290.jpg,UNIHAKKA INTERNATIONAL SDN BHD,Invoice,,,100100000035,CASH RM8
X51007846301.jpg,UNIHAKKA INTERNATIONAL SDN BHD,Invoice,,,100100000171,CASH RM8
X51007846302.jpg,TAKE AWAY,No,,09/06/2018,0,Member Number
X51007846303.jpg,UNIHAKKA INTERNATIONAL SDN BHD,Invoice,,,100100000035,CASH RM6
X51007846304.jpg,UNIHAKKA INTERNATIONAL SDN BHD,Invoice,,,100100000031,CASH RM7
X51007846305.jpg,"QRD FLR, AEGN TAMAN MALURT SC",2018061010100170023,SHOPPING,,127,Item Count 12 Cnange Amt 22
X51007846307.jpg,UNIHAKKA INTERNATIONAL SDN BHD,Invoice,,,100100000006,CASH RM7
X51007846309.jpg,UNIHAKKA INTERNATIONAL SDN BHD,Invoice,,,100100000015,CASH RM6
X51007846310.jpg,TAKE AWAY,SP-nul,,11/08/2018,0,Member Number
X51007846321.jpg,CHEF HENRY RIBS HOUSE,661855,,,105.85,CHANGE
X51007846325.jpg,DE LUXE CIRCLE FRESH MART SON BHD,,,,25.85,CHANGE 24
X51007846326.jpg,LEMON TREE RESTAURANT,INVOIGENO,,,10.30,QTY DESCRIPTION AMT
X51007846350.jpg,PASARAYA CINWA SDN BHD,OIGE,,16/06/2018,14.20,Change
X51007846353.jpg,,cei,,,5,Change
X51007846355.jpg,"BRD FLR, AEON TAMAN MALURI SC",2018061710130220258,SHOPPING,,8.96,Item Count 2 Change Amt 41
X51007846357.jpg,,OTCE,,,3,0
X51007846358.jpg,,,,,28.02,Change Due
X51007846360.jpg,,,,,46.20,Change 53 80
X51007846361.jpg,TAX INVOICE,OICE,,11-06-2018,1,
X51007846366.jpg,"SRO FLR, AEON TAMAN MALURI SC",,OHOPPING,,38,Item Count 3 Change Amt 11
X51007846368.jpg,GRANDMA HOMES RESTAURANT,_,,13/06/2018,240007,GOODS SOLD ARE NOT RETURNABLE
X51007846370.jpg,UNIHAKKA INTERNATIONAL SDN BHD,Invoice,,,100100000035,CASH RM7
X51007846371.jpg,UNIHAKKA INTERNATIONAL SDN BHD,Invoice,,,100100000030,CASH RM8
X51007846372.jpg,UNIHAKKA INTERNATIONAL SDN BHD,Invoice,,,100100000031,CASH RM10
X51007846379.jpg,"SRD FLR, AEGON TAMAN MALURI SC",2018060319100050214,SHOPPING,,19.44,
X51007846387.jpg,BOOK TALK (MUTIARA RINI) SDN BHD,CODE/DESC,,,9.30,
X51007846388.jpg,&,Invoice,,,100100000035,CASH RM8
X51007846391.jpg,UNIHAKKA INTERNATIONAL SDN BHD,Invoice,,,100100000035,CASH RM8
X51007846392.jpg,UNIHAKKA INTERNATIONAL SDN BHD,Invoice,,,100100000056,CASH RM8
X51007846393.jpg,TAKE AWAY,SP-nul,,90/06/2018,0,
X51007846395.jpg,TAX INVOICE,MFY,,,1,Change 0
X51007846396.jpg,TAX INVOICE,INV,,,1,Change 12
X51007846397.jpg,UNIHAKKA INTERNATIONAL SDN BHD,Invoice,,,100100000035,CASH RM7
X51007846398.jpg,UNIHAKKA INTERNATIONAL SDN BHD,Invoice,,,1001000001,CASH RM8
X51007846400.jpg,NAM SAN SEOUL KOREAN BBQ,Ref,,,139.00,Total Qty
X51007846403.jpg,TAX INVOICE,Invoice,,02/06/2018,13.10,CHANGE 27
X51007846410.jpg,IDEAL MENU GROUP SDN BHD,Receipt,,10/06/2018,12.00,CHANGE 8
X51007846412.jpg,"NO. I JALAN BESA TEBRAU,",oice,,,265.50,CHANGE
X51007846451.jpg,PASIR EMAS HARDWARE SDN BHD,Bill,,,,item Qty Price Amount
X51008030560.jpg,,OICE,,,10,
X51008030561.jpg,RESTORAN WAN SHENG,oice,,,8,
X51008030563.jpg,RESTORAN WAN SHENG,INY,,,2,GST Summary Amount
X51008030565.jpg,,INV,,,1,GST Summary Amourt
X51008030566.jpg,RESTORAN WAN SHENG,INV,,,1,
X51008042777.jpg,RESTORAN WAN SHENG,INV,,26-05-2018,2,GST Summary Amount
X51008042778.jpg,RES VON SHENG,INV,,,1,GST Suamary
X51008042779.jpg,,INV,,,2,GST Hneary Amount
X51008042780.jpg,,INY,,,8,GST Summary emount
X51008042781.jpg,,INV,,,1,
X51008042782.jpg,,INV,,,2,ast Sumiary Amount
X51008042783.jpg,TAX INVOICE,MFY,,,11.10,Change 31
X51008042786.jpg,,OICE,,,24,Change 31
X51008042787.jpg,FISH FARM THAL RESTAURANT,OICE,,,1,
X51008042791.jpg,RESTORAN WAN SHENG,TNY,,,1,
X51008042792.jpg,,INV,,,1,GST Summary
X51008042793.jpg,,74285,,,8,
X51008063849.jpg,"KAWASAN PERINDUSTRIAN BALAKONG,",UNT,,,6,CHANGE RM 7
X51008064061.jpg,"KAWASAN PERINDUSTRIAN BALAKONG,",ARTLINE,,,6,GST Summary Amt
X51008099041.jpg,,INV,,30-06-2018,1,GST Samry Amount
X51008099043.jpg,,INV,,,1,GST Summary
X51008099044.jpg,,INV,,,1,GST Summary Amount
X51008099046.jpg,,INV,,12-06-2018,1,GST Summary Amount
X51008099047.jpg,,INY,,,1,GST Summary
X51008099048.jpg,,INV,,,1,GST Summary
X51008099049.jpg,-,,,,15.67,15
X51008099054.jpg,,Table,,11-08-2018,02,GST Summary Anount
